奉尚装饰,公司企业;公司;广告装饰,民京路840-2号,121.522487,31.322281
巡安装潢,公司企业;公司;公司|购物服务;专卖店;专营店,渭南路43号,121.539439,31.258305
创想家(上海)实业有限公司,公司企业;公司;公司,军工路100号,121.558223,31.281487
青苹果装饰.设计(杨浦店),公司企业;公司;广告装饰,黄兴路1431-1433号,121.523329,31.282365
人人代拍(五角场店),公司企业;公司;公司|汽车服务;汽车服务相关;汽车服务相关|生活服务;生活服务场所;生活服务场所,政通路246号(万达广场对面),121.512087,31.302662
上海意发图文设计有限公司,公司企业;公司;广告装饰|生活服务;摄影冲印店;摄影冲印,五角场镇安波路280号(翔殷路地铁站2号口步行320米),121.533841,31.303756
上海水产集团龙门食品有限公司,公司企业;公司;公司,军工路2600号(港水路58号)上海水产集团,121.554026,31.329057
隧道股份上海隧道人力资源管理中心,公司企业;公司;公司|生活服务;生活服务场所;生活服务场所,大连路118号3层(杨树浦路地铁站4号口步行130米),121.516932,31.253644
匡睿装潢,公司企业;公司;广告装饰,控江路580号1,121.542574,31.286476
锐善装饰,公司企业;公司;广告装饰,控江路1444-2临附近(黄兴路地铁站3号口步行320米),121.524929,31.277229
季豪装饰公司,公司企业;公司;广告装饰,双阳路609号,121.528807,31.287016
凡佳广告,公司企业;公司;广告装饰,本溪路262号(鞍山新村地铁站1号口步行450米),121.513269,31.275366
百姓装潢,公司企业;公司;广告装饰,周家嘴路1901-1号,121.514297,31.265829
舒恒装饰设计,公司企业;公司;公司,五角场镇沙岗路474号,121.537521,31.298159
室益装潢,公司企业;公司;广告装饰,开鲁路322-8号,121.535260,31.324948
宋飞装潢,公司企业;公司;广告装饰,开鲁路20-1号,121.542402,31.324882
润荷装潢(杨浦总部),公司企业;公司;广告装饰,包头南路930-932号,121.538930,31.305299
文文广告(内江路),公司企业;公司;广告装饰,[],121.543812,31.285385
PEfun电玩体验馆(PS4/5 Switch),公司企业;公司;公司,大学路299号301室(江湾体育场地铁站9号口步行470米),121.507908,31.302998
东风悦达起亚汽车有限公司,公司企业;知名企业;知名企业,通北路589号保利绿地广场17-20F,121.517896,31.261031
奂象装饰设计,公司企业;公司;广告装饰,阜新路184弄3号101室,121.508106,31.279153
中国电信上海公司北外滩分局平凉站,公司企业;公司;电信公司,平凉路1606号,121.540403,31.266177
上海振新物业管理有限公司,公司企业;公司;公司,佳木斯路358号,121.537022,31.295764
中海电信有限公司(内江路),公司企业;公司;电信公司,内江路11号,121.553632,31.273654
上海欧萨评价咨询股份有限公司(平凉路),公司企业;公司;公司,平凉路716实业大厦商务中心5层,121.526198,31.258204
奉尚装饰,公司企业;公司;广告装饰,民京路840-2号,121.522487,31.322281
巡安装潢,公司企业;公司;公司|购物服务;专卖店;专营店,渭南路43号,121.539439,31.258305
创想家(上海)实业有限公司,公司企业;公司;公司,军工路100号,121.558223,31.281487
青苹果装饰.设计(杨浦店),公司企业;公司;广告装饰,黄兴路1431-1433号,121.523329,31.282365
人人代拍(五角场店),公司企业;公司;公司|汽车服务;汽车服务相关;汽车服务相关|生活服务;生活服务场所;生活服务场所,政通路246号(万达广场对面),121.512087,31.302662
上海意发图文设计有限公司,公司企业;公司;广告装饰|生活服务;摄影冲印店;摄影冲印,五角场镇安波路280号(翔殷路地铁站2号口步行320米),121.533841,31.303756
上海水产集团龙门食品有限公司,公司企业;公司;公司,军工路2600号(港水路58号)上海水产集团,121.554026,31.329057
隧道股份上海隧道人力资源管理中心,公司企业;公司;公司|生活服务;生活服务场所;生活服务场所,大连路118号3层(杨树浦路地铁站4号口步行130米),121.516932,31.253644
匡睿装潢,公司企业;公司;广告装饰,控江路580号1,121.542574,31.286476
锐善装饰,公司企业;公司;广告装饰,控江路1444-2临附近(黄兴路地铁站3号口步行320米),121.524929,31.277229
季豪装饰公司,公司企业;公司;广告装饰,双阳路609号,121.528807,31.287016
凡佳广告,公司企业;公司;广告装饰,本溪路262号(鞍山新村地铁站1号口步行450米),121.513269,31.275366
百姓装潢,公司企业;公司;广告装饰,周家嘴路1901-1号,121.514297,31.265829
舒恒装饰设计,公司企业;公司;公司,五角场镇沙岗路474号,121.537521,31.298159
室益装潢,公司企业;公司;广告装饰,开鲁路322-8号,121.535260,31.324948
宋飞装潢,公司企业;公司;广告装饰,开鲁路20-1号,121.542402,31.324882
润荷装潢(杨浦总部),公司企业;公司;广告装饰,包头南路930-932号,121.538930,31.305299
文文广告(内江路),公司企业;公司;广告装饰,[],121.543812,31.285385
PEfun电玩体验馆(PS4/5 Switch),公司企业;公司;公司,大学路299号301室(江湾体育场地铁站9号口步行470米),121.507908,31.302998
东风悦达起亚汽车有限公司,公司企业;知名企业;知名企业,通北路589号保利绿地广场17-20F,121.517896,31.261031
奂象装饰设计,公司企业;公司;广告装饰,阜新路184弄3号101室,121.508106,31.279153
中国电信上海公司北外滩分局平凉站,公司企业;公司;电信公司,平凉路1606号,121.540403,31.266177
上海振新物业管理有限公司,公司企业;公司;公司,佳木斯路358号,121.537022,31.295764
中海电信有限公司(内江路),公司企业;公司;电信公司,内江路11号,121.553632,31.273654
上海欧萨评价咨询股份有限公司(平凉路),公司企业;公司;公司,平凉路716实业大厦商务中心5层,121.526198,31.258204
上海大桥物业管理有限公司,公司企业;公司;公司,松潘路134号,121.540434,31.261248
上海阳厦物业管理有限公司(松花江路),公司企业;公司;公司,松花江路243号,121.536659,31.293382
遇益贸易有限公司,公司企业;公司;商业贸易,大学路259号201室(江湾体育场地铁站9号口步行380米),121.508609,31.303489
日晟装饰,公司企业;公司;广告装饰,国和路1011号,121.527577,31.318167
中沪红蚂蚁装潢总部,公司企业;公司企业;公司企业,黄兴路1846号3楼,121.519729,31.292490
晓纪广告有限公司,公司企业;公司;广告装饰,江浦路街道通北路888号,121.514998,31.265019
上海凌紫物业管理有限公司(抚顺路),公司企业;公司;公司,抚顺路113号2层,121.519064,31.282088
上海中远物业管理发展有限公司,公司企业;公司;公司,四平路1128、1188号远洋广场24层,121.504716,31.278101
于洋装饰(杨浦店),公司企业;公司;广告装饰,黄兴路1423号,121.523375,31.282061
上海园林工程设计有限公司,公司企业;公司;公司,大连路950海上海新城商务楼8号楼16层1605,121.507573,31.265411
富礼德(上海)礼仪服务有限公司,公司企业;公司;公司,国定路335号上海复旦科技园创业中心11层1106,121.508578,31.296968
上海电力大学微程电气设备有限公司,公司企业;公司;公司,平凉路2109号,121.547629,31.271761
上海摄月电子电器有限公司,公司企业;公司;机械电子,大连路970号海上海新城商务楼9号楼1902室,121.507383,31.265939
上海梅林食品有限公司,公司企业;公司;公司,军工路224号,121.558315,31.284381
上海自考网,公司企业;公司;公司,国定路335号复旦大学创业科技园2号楼,121.508474,31.297493
上海浪漫爱都礼仪服务有限公司,公司企业;公司;公司|生活服务;生活服务场所;生活服务场所,大连路1548号莱克商务中心510室,121.503721,31.273406
上海卫百辛集团延吉物业管理有限公司(松花江路分公司),公司企业;公司;公司,松花江路448临附近,121.529246,31.288570
兴兰装潢(黄兴路),公司企业;公司;建筑公司|公司企业;公司;广告装饰,黄兴路1425号-1,121.523348,31.282217
上海恒达装潢工程有限公司,公司企业;公司;广告装饰,军工路1065号800-1620号,121.545902,31.297326
上海日亚船用泵阀制造有限公司,公司企业;公司;公司|购物服务;专卖店;专营店,杨树浦路1149号(丹阳路地铁站2号口步行300米),121.533231,31.253469
苏邮装潢(锦西路),公司企业;公司;广告装饰,近打虎山路锦西路150弄1号,121.508017,31.273604
东方大学城物业公司复旦大学北区学生公寓物业管理中心,公司企业;公司;公司,武川路78弄73号,121.496630,31.300762
上海家豪食品有限公司,公司企业;公司;公司,杨树浦路1056号滨江国际广场2号楼,121.534537,31.254246
上海万正食品有限公司,公司企业;公司;公司,杨树浦路1267号-2楼,121.534488,31.253952
上海强瓴食品销售有限公司茂昌冷库,公司企业;公司;公司,杨树浦路1267号(丹阳路地铁站1号口步行400米),121.534721,31.254282
森联木业,公司企业;公司;公司,五角场镇军工路1300号,121.547650,31.304968
翌嘉装潢,公司企业;公司;广告装饰,五角场镇营口路856号(翔殷路地铁站3号口步行340米),121.532133,31.301620
上海昕多装饰,公司企业;公司;公司,市光路1364号上海诚实装潢有限公司,121.541807,31.321753
韵胜装潢,公司企业;公司;广告装饰,周家嘴路2057号,121.515819,31.267262
上海金雁工艺印章有限公司,公司企业;公司;公司,靖宇东路95号,121.539943,31.290815
上海平凉物业管理有限公司物业管理处(南块),公司企业;公司;公司,怀德路580号(平凉路地铁站4号口步行160米),121.525032,31.258540
琼涛装饰,公司企业;公司;广告装饰,军工路300号,121.557172,31.284880
卫百辛(集团)四平物业管理有限公司,公司企业;公司;公司,密云路444弄,121.496472,31.279247
智军装潢(双辽路),公司企业;公司;广告装饰,双辽路157-2(江浦路地铁站6号口步行280米),121.518497,31.270347
上海诚实装潢有限公司,公司企业;公司;广告装饰,市光路1364号,121.541722,31.321717
创新装潢(开鲁路),公司企业;公司;广告装饰,开鲁路302号,121.536766,31.324973
程平装潢,公司企业;公司;广告装饰,控江路控江路652弄小区,121.540862,31.285293
上海建工二建集团有限公司(河间路),公司企业;公司;建筑公司,河间路2号,121.530978,31.261845
上海爱森肉食品有限公司,公司企业;公司;公司,河间路260号,121.534233,31.265013
上海中远建设(集团)有限公司钢结构分公司,公司企业;公司;公司,四平路1128、1188号远洋广场23层,121.504716,31.278101
上海沪东船舶机电有限公司,公司企业;公司;机械电子,济宁路33-35,121.520885,31.259666
爱凡设计装饰,公司企业;公司;广告装饰,黄兴路629-2号附近(黄兴路地铁站4号口步行420米),121.524882,31.278846
上海康丁健身器材有限公司,公司企业;公司;公司,周家嘴路3388号(隆昌路地铁站4号口步行330米),121.541290,31.275959
上海里手厨房设备有限公司,公司企业;公司;公司,控江路810号410室,121.536359,31.283023
浙江中富建筑集团股份有限公司(沪),公司企业;公司;公司,控江路435号乙,121.542642,31.285758
上海艺兰服饰有限公司,公司企业;公司;公司,平凉路2716号航天新亚都市工业园8号楼3层北,121.556763,31.276744
上海中星志成建筑设计有限公司,公司企业;公司;公司,大连路990海上海新城商务楼10号楼3层301-303、305-309,121.507338,31.266478
上海市政工程设计研究总院(集团)有限公司,公司企业;公司;公司,中山北二路901号(同济大学地铁站5号口步行400米),121.506587,31.285796
上海源泉物业管理有限公司,公司企业;公司;公司,源泉路与万福路交叉口西北60米,121.530054,31.278625
旭辉江湾墅物业,公司企业;公司;公司,民府路1258弄62号,121.498918,31.314675
酾隶湘装饰,公司企业;公司;公司,昆明路596号荣广商务中心C区2号楼208室,121.513786,31.261305
吉星物业,公司企业;公司;公司,中原路国和路1049号105室,121.531038,31.318145
上海世珈生物科技有限公司,公司企业;公司;公司,平凉路2716号航天新亚都市工业园1号楼2层,121.555887,31.276810
上海正正生物技术有限公司,公司企业;公司;网络科技,国泰路11号复旦科技园大厦1108,121.507796,31.287912
上海平凉物业管理有限公司物业管理处(南块),公司企业;公司;公司,怀德路580号(平凉路地铁站4号口步行160米),121.525032,31.258540
上海华晨汽车租赁有限公司,公司企业;公司;公司,控江路街道凤城路1号123栋5层,121.524910,31.273799
琼涛装饰,公司企业;公司;广告装饰,军工路300号,121.557172,31.284880
卫百辛(集团)四平物业管理有限公司,公司企业;公司;公司,密云路444弄,121.496472,31.279247
翼艺装潢,公司企业;公司;广告装饰,殷行街道市光路1274号,121.539650,31.321730
智军装潢(双辽路),公司企业;公司;广告装饰,双辽路157-2(江浦路地铁站6号口步行280米),121.518497,31.270347
上海诚实装潢有限公司,公司企业;公司;广告装饰,市光路1364号,121.541722,31.321717
创新装潢(开鲁路),公司企业;公司;广告装饰,开鲁路302号,121.536766,31.324973
程平装潢,公司企业;公司;广告装饰,控江路控江路652弄小区,121.540862,31.285293
上海建工二建集团有限公司(河间路),公司企业;公司;建筑公司,河间路2号,121.530978,31.261845
上海爱森肉食品有限公司,公司企业;公司;公司,河间路260号,121.534233,31.265013
上海中远建设(集团)有限公司钢结构分公司,公司企业;公司;公司,四平路1128、1188号远洋广场23层,121.504716,31.278101
上海沪东船舶机电有限公司,公司企业;公司;机械电子,济宁路33-35,121.520885,31.259666
爱凡设计装饰,公司企业;公司;广告装饰,黄兴路629-2号附近(黄兴路地铁站4号口步行420米),121.524882,31.278846
上海同建工程建设监理咨询有限责任公司,公司企业;公司;建筑公司,黄兴路1725号怡富商务广场23层,121.519475,31.290462
上海三益医疗用品有限公司,公司企业;公司;医药公司,宁国路199-1号上海市东经济园区,121.536816,31.264070
上海康丁健身器材有限公司,公司企业;公司;公司,周家嘴路3388号(隆昌路地铁站4号口步行330米),121.541290,31.275959
上海里手厨房设备有限公司,公司企业;公司;公司,控江路810号410室,121.536359,31.283023
浙江中富建筑集团股份有限公司(沪),公司企业;公司;公司,控江路435号乙,121.542642,31.285758
上海艺兰服饰有限公司,公司企业;公司;公司,平凉路2716号航天新亚都市工业园8号楼3层北,121.556763,31.276744
上海中星志成建筑设计有限公司,公司企业;公司;公司,大连路990海上海新城商务楼10号楼3层301-303、305-309,121.507338,31.266478
上海市政工程设计研究总院(集团)有限公司,公司企业;公司;公司,中山北二路901号(同济大学地铁站5号口步行400米),121.506587,31.285796
上海兆春广告有限公司,公司企业;公司;广告装饰,五角场街道国顺东路22号202室,121.541446,31.304577
上海源泉物业管理有限公司,公司企业;公司;公司,源泉路与万福路交叉口西北60米,121.530054,31.278625
旭辉江湾墅物业,公司企业;公司;公司,民府路1258弄62号,121.498918,31.314675
酾隶湘装饰,公司企业;公司;公司,昆明路596号荣广商务中心C区2号楼208室,121.513786,31.261305
银亿物业管理有限公司,公司企业;公司;公司,民府路1199弄107号,121.498080,31.315420
上海鼎族房地产经纪有限公司,公司企业;公司;公司,黄兴路1818号海上财智商务中心2号办公楼,121.519943,31.292114
吉星物业,公司企业;公司;公司,中原路国和路1049号105室,121.531038,31.318145
新玛达食品贸易有限公司,公司企业;公司;公司,军工路127号附近,121.557239,31.281753
上海中瑞建设集团有限公司,公司企业;公司;建筑公司,黄兴路1728号东方蓝海国际广场2号楼8楼,121.521234,31.289947
上海世珈生物科技有限公司,公司企业;公司;公司,平凉路2716号航天新亚都市工业园1号楼2层,121.555887,31.276810
上海正正生物技术有限公司,公司企业;公司;网络科技,国泰路11号复旦科技园大厦1108,121.507796,31.287912
上海环昱建筑消防工程有限公司(大连路),公司企业;公司;公司,大连路970号海上海新城商务楼9号楼1907室,121.507383,31.265939
上海文誉电子产品有限公司,公司企业;公司;机械电子,宁武路269号长白经济园区宁武工业园4号楼2层,121.544455,31.268048
上海罗曼企业发展有限公司,购物服务;家居建材市场;灯具瓷器市场|公司企业;公司;公司,黄兴路1503号,121.522544,31.284009
上海少立教育科技有限公司,公司企业;公司;公司,中山北二路1121号同济科技大厦702室,121.504223,31.286841
金易久大酒业公司,公司企业;公司;公司,国定路323号3号楼9层,121.508797,31.296271
上海恒景园林有限公司,公司企业;公司;公司,纪念路8号3号楼307室,121.493153,31.299275
柏创智诚建筑设计有限公司,公司企业;公司;公司,控江路街道飞虹路525号行政楼3楼,121.508600,31.264525
上海宇天投影机维修网络科技有限公司,公司企业;公司;公司,四平路地铁站2号口步行190米,121.503633,31.273476
南通四建上海总部,公司企业;公司;建筑公司,佳木斯路353号白玉兰环保广场2期23楼,121.535385,31.293704
上海新世纪表业有限公司(榆林路),公司企业;公司;公司,平凉路街道榆林路200号(杨树浦路地铁站4号口步行310米),121.517361,31.254455
琦王花生,公司企业;公司;公司,五角场镇国和路753号世纪联华B1楼,121.521532,31.315890
上海电力杭州路仓库,公司企业;公司;公司,杭州路925号,121.547322,31.269411
上海爱姆意机电设备连锁有限公司(黑山南路),公司企业;公司;机械电子,翔殷路888号靠近黑山南路,121.523588,31.303448
上海美一建筑装潢工程有限公司,公司企业;公司;建筑公司,世界路91-1号附近,121.525560,31.318929
上海兰格涂料有限公司(四平路),公司企业;公司;公司,四平路1128、1188号远洋广场1808,121.504716,31.278101
名威集团,公司企业;公司;公司,大连路990海上海新城商务楼10号楼6层608-609,121.507338,31.266478
申远空间设计,公司企业;公司;公司,国权北路1688弄c1,121.502809,31.339108
上海瑶鑫食品销售有限公司,公司企业;公司;公司,双阳路450号,121.531364,31.281864
上海二毛职业装服务中心,公司企业;公司;公司,长阳路1230号2层(江浦公园地铁站1号口步行280米),121.526715,31.265636
邮电设计院,公司企业;公司;公司|科教文化服务;科研机构;科研机构,国康路38号3号楼,121.504622,31.286202
明园村物业管理服务处,公司企业;公司;公司,霍山路与怀德路交叉口西南80米,121.522633,31.261934
爱回收公司,公司企业;公司;公司,政立路489号国正中心2号楼7层,121.505878,31.308988
友苏物业,公司企业;公司;公司,殷行街道中原路282号友苏物业,121.532279,31.319802
凰球家园物业,公司企业;公司;公司,国顺东路249-1号(黄兴公园地铁站2号口步行340米),121.533181,31.298312
上海必惠翻译有限公司杨浦店,公司企业;公司;公司,中环路,121.508082,31.297564
上海同科物业管理有限公司,公司企业;公司;公司,彰武路67号,121.510714,31.281184
上海巴士悦信物流发展有限公司,公司企业;公司;公司,通北路729号高和云峰大厦五楼上海巴士悦信有限公司,121.515304,31.264150
上海杨房物业管理有限公司国顺路管理处,公司企业;公司;公司,国顺路国顺路117弄小区北侧,121.516220,31.290334
上海生越广告有限公司,公司企业;公司;公司,东外滩共青路400号,121.561684,31.288018
上海浦罡物业管理有限公司,公司企业;公司;公司,双阳路160弄39号,121.535365,31.273810
上海鞍钢钢材加工有限公司(民星路),公司企业;公司;公司,民星路162号,121.550288,31.312529
德国大陆集团亚洲总部,公司企业;公司;公司,昆明路518号北美广场A座22层,121.512432,31.260044
上海一丹印刷有限公司,公司企业;公司;公司,国顺东路800号上海800艺术区B210,121.524412,31.293883
精武模型,公司企业;公司;公司|购物服务;专卖店;专营店|生活服务;生活服务场所;生活服务场所,五角场镇翔殷路121弄7-9号楼,121.501946,31.279618
上海佳泰房产开发经营有限公司,公司企业;公司;公司,营口路825号企航商务301-302,121.531623,31.300536
万都汽车空调公司,公司企业;公司;公司,吉林路25-1,121.520128,31.261667
上海海珠建筑工程设计有限公司(大连路),公司企业;公司;建筑公司,大连路990海上海新城商务楼10号楼15层1505、1507,121.507338,31.266478
上海展清建筑装饰工程有限公司,公司企业;公司;公司,济宁路356号(平凉路地铁站1号口步行350米),121.526669,31.262174
上海杨浦城市建设投资有限公司,公司企业;公司;公司|金融保险服务;金融保险服务机构;金融保险机构,五角场镇营口路798号,121.532337,31.297895
上海易润机械设备有限公司,公司企业;公司;机械电子,邯郸路98号甲无锡大厦1603室,121.494744,31.294619
润成装潢公司,公司企业;公司;公司,国和路490号正南方向80米,121.518913,31.310368
视野财务管理咨询(上海)有限公司,公司企业;公司;公司,国康路46号13层1308,121.504232,31.286739
巍得健身器材有限公司,公司企业;公司;公司,大连路950号海上海新城商务楼8号楼1601室,121.507877,31.265277
东方激光教育文化有限公司,公司企业;公司;公司,国权路财富广场银座43号3楼301F室楼下,121.518818,31.287063
上海鑫义焊接设备有限公司,公司企业;公司;公司,军工路1300号,121.547808,31.305735
杜氏设计装饰,公司企业;公司;广告装饰,抚顺路255-2,121.514580,31.279780
上海天纵网络有限公司,公司企业;公司;网络科技,伟德路6号云海大厦10层1005,121.508740,31.304232
上海劲强体育用品有限公司,公司企业;公司;公司,营口路766-1、768号6层,121.533195,31.296093
OB时光派对策划,公司企业;公司;公司,佳木斯路777号(营口路),121.532710,31.292120
诚瑞道具有限公司,公司企业;公司;公司,殷行路1288弄嘉誉国际广场2号楼805-806室,121.508206,31.330006
鲁班软件股份有限公司,公司企业;公司;网络科技,淞沪路433号创智天地西区6号楼3层,121.511032,31.307159
大陆汽车投资(上海)有限公司,公司企业;知名企业;知名企业,大连路538号北美广场c座,121.512772,31.259657
上海小总管保洁公司,公司企业;公司;公司,赤峰路59弄,121.502278,31.278821
德律风物业,公司企业;公司;公司,榆林路185号联通大厦B1,121.516951,31.255566
安吉天地物流科技有限公司,公司企业;公司;公司,江浦路1000号6层(江浦公园地铁站5号口步行260米),121.523348,31.266951
迎宾出租公司,公司企业;公司;公司,民星路162号迎宾出租公司,121.550251,31.311639
上海立云保洁服务有限公司,公司企业;公司;公司,国顺东路26弄-46号,121.541435,31.304696
策绘传媒舞台灯光音响租赁公司,公司企业;公司;公司,军工路911号2号楼,121.546768,31.295776
上海兴宇物业管理有限公司,公司企业;公司;公司,民治路上海理工大学西北侧约80米,121.551692,31.294124
LEAR,公司企业;公司;公司,江浦路李尔亚洲总部大楼(江浦公园地铁站2号口步行100米),121.523405,31.264109
上海小蜜蜂气球工作室,公司企业;公司;公司,军工路1436号19号102B,121.547555,31.308272
在海沁心物业管理有限公司安居花苑管理处,公司企业;公司;公司,内江路168弄6号附近(爱国路地铁站3号口步行450米),121.549594,31.277977
上海沪东金融大厦物业管理有限公司,公司企业;公司;公司,翔殷路1128号沪东金融大厦27楼,121.516927,31.301200
上海中移通信技术工程有限公司(齐齐哈尔路),购物服务;家电电子卖场;手机销售|公司企业;公司;电信公司,齐齐哈尔路536号中国移动通信集团上海有限公司,121.529070,31.260127
海月物业公司,公司企业;公司;公司,国顺东路179弄24号底楼,121.536439,31.300023
上海恒信物业管理有限公司,公司企业;公司;公司,国权路98号国阳大厦3楼,121.515848,31.288171
中国电信五角场分局,公司企业;公司;电信公司,沙岗路880号副楼102室,121.534017,31.304419
福寿园(杨浦店),公司企业;公司;公司|生活服务;生活服务场所;生活服务场所,五角场镇中原路89号(嫩江路地铁站2号口步行110米),121.531799,31.313245
上海爱沪家政服务有限公司(市家协会员)单位,公司企业;公司;公司,国顺路153号爱沪家政门店,121.513784,31.290742
上海丰哥网络科技有限公司,公司企业;公司;网络科技,长阳路1687号长阳创谷5号楼302,121.534998,31.271839
简舍茶空间,公司企业;公司;公司,控江路1555号信息科技大厦二楼201室,121.518914,31.274677
众付上海信息技术有限公司,公司企业;公司;公司,国宾路与邯郸路交叉口北约160米,121.513349,31.301025
上海华申进出口有限公司(平凉路分公司),公司企业;公司;商业贸易,平凉路988号东纺谷创意园(平凉路地铁站2号口步行490米),121.531063,31.259799
上海南迅电梯公司,公司企业;公司;公司,黄兴路156号五星大厦1204-1206室,121.532113,31.271780
上海申联建筑设计有限公司,公司企业;公司;建筑公司,荆州路334弄108号荣广商务中心A区1号楼4层401-418,121.514140,31.260720
复旦微电子,公司企业;公司;机械电子,国泰路127号4号楼,121.504375,31.288749
上海东元翻译社,公司企业;公司;公司,控江路2061五环大厦东座9层916,121.508599,31.271726
涵德坊,公司企业;公司;公司,五角场镇国权路525弄复华科技楼1层101,121.503572,31.293647
上海天之爱广告有限公司,公司企业;公司;广告装饰,江浦路1530号(江浦路地铁站3号口步行200米),121.518312,31.276238
上海帮邦通达医疗器械有限公司,公司企业;公司;公司,国权北路1688弄25号1002-D1003A室,121.502053,31.338623
上海迅立达科技集团,公司企业;公司;商业贸易,国权北路1688弄68号508室湾谷科技园B5,121.502997,31.341913
元气物联节能科技(上海)有限公司,公司企业;公司;公司,隆昌路588号复旦软件园2号楼21楼2103室,121.543456,31.276238
上海芮鸥莱福文化传媒有限公司,公司企业;公司;公司,松花江路201号1311室,121.539510,31.294963
上海企保宝科技发展有限公司,公司企业;公司;网络科技,纪念路8号上海财大国家科技园·金融谷6号楼206,121.491652,31.298257
上海睿公馆(国安路),公司企业;公司;公司,国安路188号俪公馆KTV(原上海睿),121.505175,31.311112
纯沁空气研发体验中心Garden House,公司企业;公司;公司,国权北路1566弄斐迪园E10南一栋纯沁空气研发体验中心GardenHouse,121.500542,31.336851
小宇宙指挥部,公司企业;公司;公司,淞沪路303号6层(江湾体育场地铁站9号口旁),121.512275,31.304794
上海学而信教育科技有限公司,公司企业;公司;公司,政恒路66号凯迪立方大厦2幢706,121.507295,31.310860
珠海星云智联科技有限公司上海第一分公司,公司企业;公司;公司,黄兴路2218号(五角场地铁站5号口步行220米),121.517131,31.299153
怡窠家居设备(上海)有限公司,公司企业;公司;公司,政立路1588弄正文花园南区28号308室,121.488513,31.306912
度而资产,公司企业;公司;公司,飞虹路568弄41号,121.507794,31.267402
上海安合网络科技有限公司,公司企业;公司;公司,三门路200号1幢712室,121.507265,31.311250
上海惠恩社区养老服务有限公司,公司企业;公司;公司,锦西路78号乙,121.511548,31.276005
POLYV保利威,公司企业;公司;公司,隆昌路619号城市概念软件园2号楼A11,121.540416,31.274988
上海里图数字科技有限公司,公司企业;公司;公司,国霞路458弄星汇广场7幢5层506,121.505742,31.317408
诗与远方(上海)网络科技有限公司,公司企业;公司;网络科技,国定东路200号1号楼3层,121.519298,31.298535
江南气体,公司企业;公司;公司,黄兴路1511号,121.522475,31.284266
会议灯光音响视频av设备租赁公司,公司企业;公司;公司,恒仁路350号,121.522853,31.314696
IVESC上海杨浦基地,公司企业;公司;公司,平凉路988号3号楼3202,121.531002,31.259631
上海健叶商贸有限公司,公司企业;公司;商业贸易,国安路386号INNO创智A幢410,121.504798,31.314757
丰禧盛餐饮管理(上海)有限公司,公司企业;公司;公司,国权北路1688号湾谷科技园A4座1501,121.505386,31.343474
上海仁本嵘生文化传播有限公司,公司企业;公司;公司,政学路77号Innospace+2楼,121.509444,31.305898
上海奕賈休闲娱乐有限公司,公司企业;公司;公司,宁城路179号2层2室,121.520976,31.321391
上海匠心饰佳,公司企业;公司;公司,上海匠心饰佳装饰,121.540103,31.300194
薪仕潞公司,公司企业;公司;公司,国霞路336号保辉国际大厦B座,121.505962,31.315465
嘉誉云景广场物业服务中心,公司企业;公司;公司,殷行路1260号一楼物业办公室,121.512104,31.330633
巡顺文化滴雨轩拍卖行APP直播会客笔会展厅,公司企业;公司;公司,国定东路275-8号绿地汇创国际广场LOFT办公楼7层712,121.521508,31.297179
上海意得思创文化发展(集团)有限公司,公司企业;公司;公司,荆州路198号万硕大厦1607室,121.515307,31.258611
JZ-Robot,公司企业;公司;公司,创意产业联盟,121.547356,31.306720
隧道股份市政集团,公司企业;公司;公司,周家嘴路3199号,121.532511,31.276248
上海舟渔明珠海洋食品有限公司,公司企业;公司;公司,军工路与浚浦局路交叉口北300米,121.542452,31.333536
上海寓形广告有限公司,公司企业;公司;公司,军工路1436号五维空间创意园22幢03室(40对面),121.547449,31.308996
上海福圆贸易有限公司,公司企业;公司;公司,周家嘴路与双辽路交叉口西南约140米,121.517895,31.269241
上海量维信息科技有限公司,公司企业;公司;公司,国权北路1688弄A6座3层,121.503996,31.342219
江苏省聚峰建设集团有限公司,公司企业;公司;公司,顺平路890号环创中心7号楼,121.544225,31.277961
定海工艺刻字有限公司,公司企业;公司;公司,平凉路2207号,121.548431,31.272617
上海睿泰企业管理集团有限公司,公司企业;公司;公司,国定路335号2号楼18层、23层,121.508682,31.297325
上海别意建筑科技有限公司,公司企业;公司;公司,"国定东路233号,绿地能源大厦10楼1002室",121.521028,31.298936
上海谛鸿居文化传媒有限公司,公司企业;公司;公司,逸仙路205号1810室,121.489033,31.296604
浚加科技(上海)有限公司,公司企业;公司;公司,隆昌路619号城市概念2号楼C16室,121.540424,31.274986
上海中贺招标服务有限公司,公司企业;公司;公司,安波路533弄2号楼201室,121.528908,31.301278
蟹会食品(上海)有限公司,公司企业;公司;公司,港水路58号第15幢乙座,121.554646,31.330475
远望谷(上海)信息技术有限公司,公司企业;公司;公司,黄兴路221号互联宝地D3座D3108,121.527758,31.273217
上海火隆果财务管理有限公司,公司企业;公司;公司,翔殷路1128弄沪东金融大厦,121.517034,31.301125
悉德光影中心,公司企业;公司;公司,长阳路1687号长阳创谷B楼B106,121.533906,31.272874
上海朗骥电子科技有限公司,公司企业;公司;公司,平凉路平凉小区西南侧约30米,121.557815,31.277230
华创,公司企业;公司;公司,纪念路8号财大科技园5号楼,121.491457,31.297865
聚银网,公司企业;公司;公司,三门路200号,121.507149,31.311316
FONWIN方为,公司企业;公司;公司,长阳路1568号21号楼2楼,121.533359,31.267443
上海尚方规划建筑设计有限公司,公司企业;公司;公司,四平路1063号中天大厦1208室,121.503108,31.277353
上海福麟房地产有限公司,公司企业;公司;公司,安波路181号(翔殷路地铁站2号口步行490米),121.536210,31.304103
嘉御华文创影业(上海)有限公司,公司企业;公司;公司,军工路1076号中央道直走(MAKEFILMS),121.551217,31.297295
耦合网络科技(上海)有限公司,公司企业;公司;公司,临青路188号,121.542966,31.265233
杨浦共享办公室,公司企业;公司;公司,国宾路18号万达广场A座21楼,121.513496,31.300135
全景(上海)服装有限公司,公司企业;公司;公司,政高路与国通路交叉口西南约80米,121.507870,31.309059
注册公司代理记账,公司企业;公司;公司,军工路l尚ft街上海婚纱艺术产业园西北侧约210米,121.546253,31.311151
隧道股份(上海水务建设工程有限公司),公司企业;公司;公司,杨树浦路851号,121.527155,31.253668
更上层楼(上海)企业发展有限公司,公司企业;公司;公司,营口路578号1号楼10楼,121.534596,31.294454
上海米氦云网络科技有限公司,公司企业;公司;公司,国伟路135号都市工业园区12号楼,121.533424,31.330719
J² Beauty Studio(Just Joy皮肤管理工作室),公司企业;公司;公司,控江路2068号朗至公寓803,121.508694,31.273467
上海黄龙物联网科技有限公司,公司企业;公司;公司,上海市杨浦区安波路998号腾讯众创3楼,121.520272,31.300220
亨宗品牌管理(上海)有限公司,公司企业;公司;公司,大学路123号702室(江湾体育场地铁站9号口步行170米),121.510357,31.304175
炬数(上海)信息技术有限公司,公司企业;公司;公司,隆昌路590号复旦软件园5楼,121.542974,31.275621
XTransfer(上海研发中心),公司企业;公司;公司,安联大厦12楼(大连路地铁站2号口步行350米),121.516073,31.258128
上海逸邦电子技术有限公司,公司企业;公司;公司,齐齐哈尔路928号印坊工业园区肆号楼101室,121.525167,31.266871
昊普集团(中国)有限公司,公司企业;公司;公司,国宾路36号万达广场B座2002,121.513129,31.300610
上海罗泰信息技术有限公司,公司企业;公司;公司,长阳路1080号上海国际设计交流中心2号楼608室,121.524692,31.264312
上海毓见实业发展(集团)有限公司,公司企业;公司;公司,逸仙路205号军弘谷科创园19楼,121.489274,31.296746
脑解码,公司企业;公司;公司,国泰路11号主楼1楼,121.507654,31.287761
众盒智能科技(上海)有限公司,公司企业;公司;公司,-逸仙路25号同济晶度,121.490243,31.294567
源目标信息科技(上海)有限公司,公司企业;公司;公司,长阳路1687号西1160幢(1号楼)1206室,121.533329,31.271445
上海毓见教育教育科技有限公司,公司企业;公司;公司,逸仙路205号1幢1906室,121.489267,31.296867
易杜教育科技(上海)有限公司,公司企业;公司;公司,三门路200号1号楼909,121.507138,31.311326
和得久运动康复中心,公司企业;公司;公司,长海路345号上体运动健康促进中心1层,121.528023,31.309925
中国船舶工业物资华东有限公司,公司企业;公司;公司,河间路1280号19-20层,121.549742,31.275875
上海军崇谷创业孵化器管理有限公司,公司企业;公司;公司,宁国路399号A座三楼(宁国路地铁站5号口步行300米),121.533359,31.266574
新农垦(上海)农业发展有限公司,公司企业;公司;公司,政学路51号701室(江湾体育场地铁站10号口步行230米),121.510059,31.306094
上海昕朵文化科技有限公司,公司企业;公司;公司,翔殷路128号5号楼301室,121.549750,31.307917
上海格克体育科技发展有限公司,公司企业;公司;公司,国顺东路410号3幢,121.528892,31.296935
加思创新集团,公司企业;公司;公司,国顺东路800号东楼503室,121.525250,31.294130
上海矽朋微电子有限公司,公司企业;公司;公司,安波路998号2号楼401室,121.520282,31.300774
上海微民信息科技有限公司,公司企业;公司;公司,政熙路80号(国权路地铁站4号口步行260米),121.507661,31.291077
大楚玖胜法律咨询(上海)有限公司,公司企业;公司;公司,黄兴路2218号合生汇商务楼2303,121.516999,31.299394
平安普惠投资咨询有限公司,公司企业;公司;公司,黄兴路2218号合生国际广场1901室,121.517323,31.299677
DESON上海,公司企业;公司;公司,霍山路777号A座306室,121.519466,31.260368
上海芝林服饰有限公司,公司企业;公司;公司,大学路302号802室,121.507590,31.303138
萃了么商业连锁(上海)有限公司,公司企业;公司;公司,黄兴路2218号合生汇国际中心23层,121.516907,31.299356
上海律保科技有限公司,公司企业;公司;公司,辽阳路199号保利绿地J楼1202室,121.516685,31.259656
至胜客杨浦旗舰店,公司企业;公司;公司,平凉路1903-2号1层,121.544571,31.269601
上海陇铭文化传媒有限公司,公司企业;公司;公司,翔殷路128号理工科技园A座JK104-106,121.549946,31.308615
医学界,公司企业;公司;公司,国宾路18号万达广场写字楼A座19楼,121.513583,31.299967
上海脉策数据科技有限公司,公司企业;公司;公司,天盛广场c座10层(江湾体育场地铁站10号口步行390米),121.509965,31.308365
聚鲜湾商贸有限公司,公司企业;公司;公司,军工路2866号东方国际水产中心4幢20号,121.542320,31.333924
NEWS片场3区,公司企业;公司;公司,军工路1076号大门直行400米进入二道300卡丁车对面,121.553627,31.297543
上海万佐信息技术有限公司杨浦国定路店,公司企业;公司;公司,国定路777号288幢一层-1,121.500361,31.306010
上海首臻信息科技有限公司,公司企业;公司;网络科技,翔殷路165号,121.547370,31.306722
上海金中果品有限公司,公司企业;公司;公司,国和路国和二村,121.530835,31.318377
比诺集团,公司企业;公司;公司,长阳路1568号四季广场18号楼,121.533436,31.266745
上海比筑信息科技有限公司,公司企业;公司;公司,国权北路1688弄A7座703-2室,121.504508,31.343674
上海老骥环保科技有限公司,公司企业;公司;公司,民星路162号一层,121.549780,31.312077
上海踊跃实业有限公司,公司企业;公司;公司,军工路1300号申科大院内,121.549099,31.304236
上海珂爱玺家居科技有限公司,公司企业;公司;公司,秦皇岛路32号F栋(杨树浦路地铁站出入口步行440米),121.519049,31.249729
HH云创总部,公司企业;公司;商业贸易,秦皇岛路32号F栋(杨树浦路地铁站2号口步行370米),121.519096,31.249923
博斯腾健康管理中心,公司企业;公司;网络科技,政恒路125弄2号君庭广场13号楼,121.506550,31.309801
上海嵘尚,公司企业;公司;网络科技,宁国路313弄龙泽大厦,121.535581,31.264780
上汽集团,公司企业;公司;公司,邯郸路上海复旦皇冠假日酒店西侧,121.501107,31.295241
上海佳锐信息科技股份有限公司,公司企业;公司;公司,国权北路1688弄湾谷科技园A5座13楼,121.504681,31.342970
好运虎总部,公司企业;公司;公司,湾谷科技园A4座5楼,121.505333,31.343394
上海夏橙智能科技有限公司,公司企业;公司;公司,国安路386号515室,121.504946,31.314663
上海忆墙文化传播有限公司,公司企业;公司;公司,翔殷路128号6幢2层(集中登记地),121.550077,31.308841
卓聪(上海)环保科技发展有限公司,公司企业;公司;公司,国权北路1688弄湾谷科技园A4栋5楼,121.505414,31.343397
上海析益信息科技有限公司,公司企业;公司;网络科技,国宾路18号万达写字楼A座23F,121.513680,31.300054
Moi,公司企业;公司;公司,国定东路233号绿地能源大厦503室,121.521044,31.298716
上海万狮环保科技有限公司,公司企业;公司;公司,国权北路湾谷科技园1688弄B7楼408室,121.502252,31.341089
上海辰昶仪器设备有限公司,公司企业;公司;公司,国权北路1688弄湾谷科技园A7座419,121.504457,31.343750
中港疏浚有限公司辅助装备管理中心,公司企业;公司;公司,共青路10号,121.562718,31.272364
上海万圣供应链有限公司,公司企业;公司;商业贸易,平凉路199号(杨树浦路地铁站4号口步行170米),121.517826,31.253649
上海净止环保科技有限公司,公司企业;公司;公司,周家嘴路3388号城市概念园8号楼北区C07,121.538359,31.276189
水母艾拉(上海总部),公司企业;公司;公司,贵阳路398号1909室,121.549956,31.274823
上海紫景柴油机配件有限公司,公司企业;公司;公司,港水路8号,121.554663,31.329405
黑洞BlackHole Club,公司企业;公司;公司,吉浦路319号,121.490856,31.305290
迈容智能科技(上海)有限公司,公司企业;公司;公司,纪念路8号8号楼309,121.491899,31.298904
上海品泸企业管理有限公司,公司企业;公司;公司,逸仙路669弄28号(君裕公寓内),121.487406,31.302631
她喜管理咨询有限公司,公司企业;公司;公司,大学路125号602室她喜美学藏珑云海对面,121.510266,31.304143
上海文策建筑材料有限公司,公司企业;公司;建筑公司,杭州路741号,121.543782,31.266894
云中居,公司企业;公司;公司,控江路1690号1306室,121.514907,31.274362
沃首品牌企业,公司企业;公司;公司,控江路1777号19楼(鞍山新村地铁站2号出口步行380米),121.515010,31.273548
上海飞天建设工程有限公司,公司企业;公司;公司,宁国路313弄7号402室,121.535596,31.265101
上海业星教育科技有限公司,公司企业;公司;公司,五角场万达广场国宾路18号A座12楼F12室-F13室,121.513545,31.300050
上海吉兮文化传播有限公司,公司企业;公司;公司,黄兴路1818号502室,121.520061,31.292305
三火文化三火演播室,公司企业;公司;公司,军工路1300号19号楼,121.550080,31.303710
上海九渡生态科技有限公司,公司企业;公司;公司,国安路758弄35号上海·星汇广场8幢3F301,121.504186,31.319851
上海众欣环境工程有限公司,公司企业;公司;公司,永吉路上海环球商业广场(延吉中路地铁站3号口步行490米),121.531778,31.288141
纪希片场(秀场),公司企业;公司;公司,军工路1076号,121.554066,31.298063
舞台灯光音响租赁公司,公司企业;公司;商业贸易,鞍山四村第三小区62号(鞍山新村地铁站1号口步行310米),121.508739,31.274770
心活人工智能科技(上海)有限公司,公司企业;公司;网络科技,国泰路11号复旦科技园副楼100创客1006室,121.508527,31.287741
上海辉越办公设备有限公司,公司企业;公司;公司,国权北路1688号A8栋101室,121.503602,31.343026
上海谷耀贸易有限公司,公司企业;公司;商业贸易,国霞路336号保辉国际大厦B座502室,121.505476,31.315582
与实,公司企业;公司;公司,赤峰路65号2号楼,121.500369,31.279923
大海小燕建筑设计工作室,公司企业;公司;建筑公司,江浦路1500号2号楼008,121.519901,31.273981
上海雍沅实业有限公司,公司企业;公司;公司,军工路1436号19栋103号,121.547470,31.308255
上海景宏橡塑船舶公司,公司企业;公司;公司,杨树浦路1859-1861号,121.542995,31.260623
上海活彩生物科技有限公司,公司企业;公司;公司,逸仙路205号211室,121.489226,31.296791
行知丝路研究院,公司企业;公司;公司,国霞路259号9楼(三门路地铁站6号口步行270米),121.505415,31.313976
注册公司,公司企业;公司;公司,逸仙路1043-3号,121.485776,31.308954
上海力本规划建筑设计有限公司,公司企业;公司;公司,上海市杨浦区政立路489号国正中心2号楼307—308室,121.505670,31.309000
上海合贯建筑安装队,公司企业;公司;公司,中原路998号,121.532160,31.331204
上海磐悦建筑科技有限公司,公司企业;公司;公司,军工路100号23栋,121.559227,31.282899
上海博汉建设工程有限公司,公司企业;公司;公司,逸仙路661号新海商务大厦1B层F座,121.486982,31.302076
上海泉到实业有限公司,公司企业;公司;公司,长阳路1687号7132室(宁国路地铁站2号口步行210米),121.532718,31.271455
食为先餐饮实训,公司企业;公司;公司,长阳路1689号,121.535841,31.270559
上海影趣文化传媒有限公司(Car4Fun),公司企业;公司;公司,永吉路9号办公中心5楼521,121.531842,31.288052
上海肤荣国际贸易有限公司,公司企业;公司;商业贸易,黄兴路1800号3号楼508室,121.520479,31.291233
沣扬资本,公司企业;公司;公司,荆州路168号安联大厦(大连路地铁站2号口步行290米),121.515569,31.258183
無·月,公司企业;公司;公司,淞沪路161号中环国际大厦18楼,121.513259,31.303332
薪海科技(上海)有限公司,公司企业;公司;公司,国安路758弄星汇广场一期9号楼901室,121.504469,31.320153
橙河微系统科技(上海)有限公司,公司企业;公司;公司,国权北路1688弄湾谷科技园A7座7楼,121.504340,31.343531
上海祚硕贸易有限公司,公司企业;公司;公司,国定路上海开放大学东北侧,121.514878,31.293661
浦舵信息科技(上海)有限公司,公司企业;公司;公司,纪念路8号上海财经大学国家大学科技园3号楼202室,121.492911,31.297758
上海点广信息科技有限公司,公司企业;公司;网络科技,长阳路1687号1号楼1209室(二号电梯二楼),121.533702,31.271485
上海国艳企业服务外包有限公司,公司企业;公司;公司,平凉路2095-2097号,121.547202,31.271284
上海忱工物联网科技有限公司,公司企业;公司;公司,密云路1018号9号楼901室,121.502471,31.289141
上海葳澄信息科技有限公司,公司企业;公司;网络科技,四平路1945号(国权路地铁站1号口步行190米),121.510557,31.290747
无锡安井食品营销有限公司上海分公司,公司企业;公司;商业贸易,波阳路16号23幢203-1,121.549100,31.269953
上海标立得信息科技有限公司,公司企业;公司;公司,大学路61号801室(江湾体育场地铁站8号口步行120米),121.511573,31.304265
ND片场5号棚ND Studios,公司企业;公司;公司,军工路1076号上海电缆厂内二道门内右转,121.553685,31.296861
里里空间(宁武路店),公司企业;公司;公司,宁武路258号,121.544934,31.268390
北京青藤文化股份有限公司上海分公司,公司企业;公司;公司,政立路489弄国正中心2号楼1605-1607室,121.505833,31.309004
剡锋(上海)教育科技有限公司,公司企业;公司;公司,军工路100号15幢102,121.559039,31.282225
上海础鼎环境科技有限公司,公司企业;公司;公司,国霞路259号803室(三门路地铁站6号口步行270米),121.505555,31.314180
上海仁际和实业有限公司,公司企业;公司;公司,长阳路1568号20号楼601室,121.533497,31.267188
上海朝翔电子商务有限公司,公司企业;公司;公司,政府路61弄,121.516754,31.310039
恒企人才服务中心,公司企业;公司;公司,齐齐哈尔路920号3号楼101+102室,121.525137,31.266955
上海湛卢企业形象策划有限公司,公司企业;公司;公司,临青路188号C3号楼1楼,121.544411,31.264613
上海市政工程设计有限公司,公司企业;公司;公司,国权北路(湾谷科技园)1688弄C2,121.502908,31.339390
上海培云贸易有限公司,公司企业;公司;商业贸易,共青路310号(复兴岛地铁站2号口步行450米),121.561966,31.284848
旭正装饰设计,公司企业;公司;公司,周家嘴路双阳公寓,121.533168,31.275902
上海建筑工程有限,公司企业;公司;公司,定海路阳光园,121.557426,31.273603
上海考谱建筑装潢装饰工程有限公司,公司企业;公司;建筑公司,定海路270号,121.556458,31.274348
上海舟颖伶贸易有限公司,公司企业;公司;公司,阜新路与苏家屯路交叉路口往西南约50米(公交新村),121.505811,31.277171
卫百辛集团房屋专业综合服务平台第一分中心,公司企业;公司;公司,内环高架路出口与黄兴路交叉口东南300米,121.532140,31.271700
海烟服务星悠杨发展公司,公司企业;公司;公司,延吉中路138号-1号店铺,121.528787,31.283424
哔哩哔哩弹幕网B站(总部),公司企业;公司;公司,政立路485号,121.506421,31.309508
康典kangdian口罩生产区,公司企业;公司;公司,军工路1146号268幢,121.554527,31.300470
上海合志信息技术有限公司,公司企业;公司;公司,周家嘴路3388号8号楼北区C12室,121.538545,31.276438
上海翔逸医疗器械有限公司,公司企业;公司;公司,翔殷路100号5栋,121.551496,31.308125
上海景满贸易有限公司,公司企业;公司;商业贸易,东方国际水产中心10幢205(大洋国际水产)店内,121.542783,31.334868
上海港远建设集团有限公司,公司企业;公司;建筑公司,中山北二路703号,121.513022,31.284162
伦琴上海医疗科技有限公司,公司企业;公司;公司,长阳路1687号长阳创谷F幢2楼,121.532313,31.273752
上海佰家建设工程有限公司,公司企业;公司;网络科技,宁国路228号1101室,121.537478,31.265339
上海狮发物资有限公司,公司企业;公司;公司,周家嘴路3131号,121.531840,31.276103
北大荒建设集团有限公司上海分公司,公司企业;公司;公司,军工路100号19号楼,121.559283,31.281896
注册公司代理记账,公司企业;公司;公司,千山路与闸殷路交叉路口往南约260米,121.529078,31.335682
上海乐安拆房工程技术有限公司,公司企业;公司;建筑公司,长阳路2555号12号楼(隆昌路地铁站1号口步行240米),121.546146,31.277008
世联实业,公司企业;公司;公司,昆明路739号文通大厦5层,121.515763,31.263514
庄洪化工科技(上海)有限公司,公司企业;公司;公司,波阳路16号上海波阳创业园21栋甲座201室,121.548553,31.270288
上海美捷威生物科技有限公司,公司企业;公司;商业贸易,翔殷路238号9号楼4楼403室,121.546081,31.307521
上海华慧检测技术有限公司,公司企业;公司;公司,齐齐哈尔路920号印坊创意园7号楼101室,121.525847,31.267182
G9办公中心,公司企业;公司;公司,永吉路9号5楼(延吉中路地铁站3号口步行450米),121.531780,31.288224
上海慕为技术工程股份有限公司,公司企业;公司;公司,国霞路60号君庭广场A座609室,121.506567,31.310807
上海妆尚生物科技有限公司,公司企业;公司;公司,国权北路1688弄52号湾谷科技园6座6楼,121.502467,31.340547
上海天天播电商直播基地,公司企业;公司;网络科技,平凉路207号2楼,121.517917,31.253580
智参软件科技(上海)有限公司,公司企业;公司;网络科技,通北路729号高和云峰大厦603室,121.515311,31.264124
上海成立物资有限公司,公司企业;公司;商业贸易,国霞路259号711室(三门路地铁站6号口步行370米),121.505275,31.314160
上海寅诚商务咨询有限公司,公司企业;公司;公司,四平路1188号远洋广场1505室,121.504479,31.277911
舒福泰宁国路分公司,公司企业;公司;公司|汽车销售;汽车销售;汽车销售,宁国路10-22号附近,121.540474,31.259684
加拿大格维留学移民上海分公司,公司企业;公司;网络科技,五角场万达广场C座1619(三门路地铁站3号口步行420米),121.510877,31.312037
上海青禾服装股份有限公司,公司企业;公司;公司,长阳路1687号长阳创谷西1号楼1305室,121.533834,31.271476
上海迈蓝数据服务有限公司,公司企业;公司;网络科技,政益路48号1108室,121.517222,31.302682
中船第九设计研究院工程有限公司,公司企业;公司;建筑公司,河间路1280号,121.549681,31.275794
1929茗酒网,公司企业;公司;公司,国顺东路800号西楼511室,121.524161,31.293772
上海峰仕文化特异型道具制作基地,公司企业;公司;公司,军工路1436号58栋88-102号,121.548715,31.308804
上海望众工贸有限公司,公司企业;公司;公司,国定东路217号204室,121.521253,31.299534
我的好朋友左左,公司企业;公司;网络科技,临青路188号A34层,121.543403,31.264804
上海孩子通信息科技有限公司,公司企业;公司;网络科技,上海市杨浦区临青路188号A3 4层,121.543150,31.264659
上海启发玩具有限公司,公司企业;公司;商业贸易,临青路188号A8室,121.543406,31.265052
上海哲寻信息科技有限公司,公司企业;公司;网络科技,国权北路1688号湾谷科技园A4栋1303,121.505281,31.343218
FUNWORK联合办公(宝地广场),公司企业;公司;公司,大连路688号宝地广场A座7-8层,121.511225,31.261488
上海视岳计算机科技有限公司,公司企业;公司;网络科技,国霞路299号创智A栋502、520室,121.505630,31.314716
益宜翻译公司英语教学部(学英语),公司企业;公司;公司,政和路999弄56号201室,121.515737,31.339076
中国船舶工业贸易上海有限公司,公司企业;公司;商业贸易,河间路1280号,121.549684,31.275747
金信恒上海公司,公司企业;公司;公司,平凉路199号501-503室,121.517704,31.253639
上海盈静文化传播有限公司,公司企业;公司;公司,杨树浦路2866号13号楼203室,121.557208,31.270510
上海广硕教育科技有限公司,公司企业;公司;网络科技,纪念路8号5号楼202A,121.491652,31.297831
南通四建,公司企业;公司;公司,长阳路999号(宁国路地铁站4号口步行220米),121.534698,31.267859
上海尹孚环境工程有限公司,公司企业;公司;公司,长阳路2555号5号楼一楼D01,121.546003,31.276963
上海筱平文化传播有限公司,公司企业;公司;公司,军工路1436号19号楼102A,121.547496,31.308205
上海咨樾食品销售有限公司,公司企业;公司;公司,隆昌路619号城市概念1号楼C110室,121.540429,31.275385
科研狗测试,公司企业;公司;公司,复华科技楼二楼复达检测集团,121.503509,31.293569
上海阿九商贸有限公司,公司企业;公司;商业贸易,军工路2866号东方国际二楼美食城333号,121.543659,31.334038
上海卓永建筑装饰工程有限公司,公司企业;公司;建筑公司,宁国路313弄8号楼901-甲,121.535577,31.264944
今世缘(上海)商贸有限公司,公司企业;公司;公司,长阳路2467号铭大创意广场铭理楼401到408,121.544660,31.275814
上海稻哲实业有限公司,公司企业;公司;公司,隆昌路210博海商务楼c楼b402,121.548507,31.269801
152街坊配套养老院新建工程项目部,公司企业;公司;公司,爱国路顺平路路口(爱国路地铁站4号口步行300米),121.550205,31.281805
上海瀚汛企业管理咨询有限公司,公司企业;公司;公司,宁国路218号郡江国际大厦A座815室,121.537612,31.264629
安徽省豪伟建设集团有限公司,公司企业;公司;公司,杭州路377号附近,121.539049,31.261468
上海亿阳食品有限公司,公司企业;公司;公司,周家嘴路4041号杨浦货运站内,121.551475,31.287949
上海易维视科技有限公司,公司企业;公司;公司,黄兴路221号互联宝地D3座110-111,121.527977,31.273723
上海零甲环保科技有限公司,公司企业;公司;公司,昆明路640号C座304室(大连路地铁站4号口步行490米),121.514391,31.261731
格林酒店集团,公司企业;公司;公司,永吉路与双阳路交叉口东约40米,121.531875,31.281992
上海斐润网络科技有限公司,公司企业;公司;网络科技,四平路1188号远洋广场1907室,121.504735,31.278160
上海遨辰贸易有限公司,公司企业;公司;商业贸易,江浦路浦江风景苑西南侧,121.528958,31.256445
天地伟业,公司企业;公司;公司,安波路翔殷路491弄小区西南侧,121.536184,31.304095
同舜混凝土有限公司军工路分公司,公司企业;公司;公司,长海路街道军工路1280号,121.545564,31.303768
上海建工二建集团有限公司,公司企业;公司;公司,图们路1号上海建工,121.549555,31.287362
唯它(上海)科技有限公司,公司企业;公司;公司,政益路8号五角丰达大厦8座1107-1108室,121.518581,31.303334
华联集团吉买盛购物中心有限公司,公司企业;公司;公司,控江路1063号华联吉买盛1楼(近源泉路),121.529474,31.279197
上海添慈实业有限公司,公司企业;公司;公司,翔殷路238号添慈退役军人创业家园,121.546038,31.307749
上海敬豪实业有限公司,公司企业;公司;公司,平凉路2534号(爱国路地铁站3号口步行480米),121.552360,31.276023
上海枫泰食品有限公司,公司企业;公司;公司,国顺东路800号西楼516室,121.524262,31.294006
集优实业,公司企业;公司;公司,国学路63号,121.500243,31.336610
上海锐从环境科技有限公司,公司企业;公司;公司,立跃路4289号(殷高东路地铁站3号口步行340米),121.504648,31.320153
隧道股份市政集团军工路快速路新建工程2标项目经理部,公司企业;公司;公司,民星路250号,121.545356,31.311642
上海杨浦社会事业发展投资有限公司,公司企业;公司;公司,控江路435号迪亚天天旁,121.542638,31.285980
中铁二十四局集团有限公司,公司企业;公司;建筑公司,邯郸路8号,121.491087,31.293498
上海亿柏装潢有限公司,公司企业;公司;广告装饰|生活服务;生活服务场所;生活服务场所,中山北二路45号,121.520547,31.285454
上海规德建筑设计有限公司,公司企业;公司;建筑公司,四平路1063号中天大厦1601室,121.503053,31.277361
OURBABY派对风尚(OURBABY派对策划),公司企业;公司;公司,国定东路88号,121.519084,31.299281
上海自行车三厂有限公司,公司企业;公司;公司,河间路上海市东区水质净化厂,121.548397,31.275458
智慧坊,公司企业;公司;公司,平凉路2241号,121.548882,31.273150
上海琦峰验电器有限公司,公司企业;公司;公司,翔殷路165号,121.547399,31.306576
翌宽机械设备,公司企业;公司;公司,宁国路14附近,121.540225,31.259958
上海同轩有限公司,公司企业;公司;公司,民星路197-6号附近,121.548169,31.311651
上海申阜食品有限公司,公司企业;公司;公司,军工路2857号转2一20号,121.542458,31.330381
204影棚片场,公司企业;公司企业;公司企业,扬州路464号汇龙创意园3号楼204室,121.527260,31.257133
上海遵意交通安全咨询有限公司,公司企业;公司;公司,宁国路10-22号临附近,121.540311,31.259872
上海马长根制冷科技有限公司,公司企业;公司;公司,双辽新村39-4,121.515205,31.271824
上海梅林,公司企业;公司;公司,济宁路18号,121.520286,31.259155
上海奔弛冰酒业有限公司,公司企业;公司;公司,波阳路16号8幢102室,121.549408,31.270463
上海丞钦建筑装饰工程有限公司,公司企业;公司;公司,扬州路怀德路482弄小区东侧,121.526540,31.256899
曹操出行上海运营中心,公司企业;公司;公司,松花江路349号,121.52885,31.288748
上海尊久实业有限公司,公司企业;公司;公司,军工路1300号,121.550347,31.304140
上海灏印数码科技有限公司,公司企业;公司;公司,赤峰路63号设计创意工场2号楼1楼,121.500962,31.279064
上海速石信息科技有限公司,公司企业;公司;公司,国通路118号天盛广场A栋1801室,121.509734,31.309149
上海十涵装饰设计有限公司,公司企业;公司;公司,平凉路2440号芯工坊创意园3号楼301-303,121.551959,31.274931
上汽大通汽车有限公司,公司企业;公司;公司,军工路2498号附近,121.546493,31.326757
上海泉客贸易有限公司,公司企业;公司;商业贸易,上海市杨浦区大桥街渭南路45号,121.540589,31.259518
上海曦古商务咨询有限公司,公司企业;公司;商业贸易,控江路2061号五环大厦东座6楼601-603,121.508521,31.271693
中国联合网络通信有限公司上海市分公司,公司企业;公司;公司,惠民路402号(杨树浦路地铁站4号口步行340米),121.516732,31.255650
瑛诺三维(上海)科技有限公司,公司企业;公司;公司,长阳路1080号上海国际设计交流中心10号楼306A,121.524538,31.263590
贝瑞博士,公司企业;公司;公司,周家嘴路3805号2107号,121.548637,31.283397
上海泓鹏文化传播有限公司,科教文化服务;科教文化场所;科教文化场所|公司企业;公司企业;公司企业,控江路1029弄(国富苑)1号楼526室(泓鹏婚庆),121.532577,31.280526
上海复旦复达科技有限公司,公司企业;公司;网络科技,国权路525号,121.503477,31.293837
喵喵图文设计有限公司,公司企业;公司;广告装饰,五角场镇安波路356-2号(翔殷路地铁站3号口步行340米),121.528604,31.303741
兴塔网络科技(上海)有限公司,公司企业;公司;公司,国权北路1688号湾谷科技园A7栋2楼204-4,121.504475,31.343643
上海谷谷鲜农业科技有限公司,公司企业;公司;公司,宁国路503号四季广场16号楼104室,121.532575,31.267727
上海闽葭建材有限公司,公司企业;公司;公司,包头路539号五金店,121.538367,31.318565
上海弘巨建筑装饰工程有限公司,公司企业;公司;公司,赤峰路67号,121.500163,31.278188
诺亚控股,公司企业;公司;公司,长阳路1687号长阳谷2号楼,121.533693,31.271783
上海梦想歌网络科技有限公司,公司企业;公司企业;公司企业,关山路与国顺东路交叉口北100米,121.520965,31.292728
上海谷腾建筑设计咨询有限公司,公司企业;公司;公司,政学路88号5号楼7层702,121.510138,31.306834
上海嘉因生物科技有限公司,公司企业;公司;公司,国伟路135号10号楼3楼,121.533953,31.331152
上海露辰商贸有限公司,公司企业;公司;公司,宁国路10-9号附近,121.540595,31.259456
上海熹蒙视觉科技有限公司,公司企业;公司;公司,控江路2075号贵人大厦811室,121.507596,31.270718
上海韵格体育俱乐部有限公司,公司企业;公司;公司,国权路39号金座六楼,121.518423,31.287559
上海一砖一瓦教育科技有限公司,公司企业;公司;公司,平凉路1500号东宫四号楼四层402号,121.540000,31.264239
上海金鲜实业有限公司,公司企业;公司;公司,政民路与锦年路交叉口东约40米,121.509715,31.303142
上海金冀商务咨询有限公司,公司企业;公司;公司,国安路518号305室,121.504607,31.317249
国网上海检修公司,公司企业;公司;公司,三门路636号,121.487061,31.311356
上海盛芹商贸有限公司,公司企业;公司;公司,港水路8号,121.554882,31.329491
上海晟隆客运服务有限公司,公司企业;公司;公司,河间路上海市东区水质净化厂,121.548400,31.275460
长阳创谷企业服务中心,公司企业;公司;公司|生活服务;生活服务场所;生活服务场所,黄兴路158号(宁国路地铁站1号口步行460米),121.531736,31.272352
造就公司,公司企业;公司;公司,长阳创谷G号楼,121.533363,31.273022
丁豪建筑工程有限公司,公司企业;公司;公司,长海路街道虬江码头路2号,121.555297,31.309667
华夏盛德·礼商书院,公司企业;公司;公司,国宾路18号A座11层(江湾体育场地铁站4号口步行200米),121.513570,31.299976
速徕生物,公司企业;公司;公司,四平路1239号东南方向80米,121.502205,31.279570
上海基申智能科技有限公司,公司企业;公司;公司,长阳路2555号海立大楼802室,121.545501,31.275874
上海妙克信息科技有限公司,公司企业;公司;公司,福宁路60号4楼,121.532499,31.254142
上海杨浦市政养护建设工程有限公司,公司企业;公司;公司,殷行路761号(药房旁边),121.528388,31.328457
上海空际视觉艺术有限公司,公司企业;公司;公司,大连路970号707室,121.507249,31.265968
上海鸿维投资有限公司,公司企业;公司;公司,包头南路600号附近,121.540159,31.300415
阿墨逗科技文化活动营(星汇店),公司企业;公司;公司,国霞路440号星汇广场2期2层201-202室,121.505449,31.317461
上海幻电信息科技有限公司,公司企业;公司;公司,政立路485号国正中心3号楼,121.506414,31.309352
上海瑜映实业有限公司,公司企业;公司;公司,长阳路2555号海立科创中心5号楼1层,121.545838,31.277020
上海艺鑫舞台灯光有限公司,公司企业;公司;公司,殷行街道市光路工农四村(市光三村北),121.541766,31.321746
上海荷彬食品有限公司,公司企业;公司;公司,延吉东路133-7号附近,121.544717,31.293198
上海琦蓓贸易有限公司,公司企业;公司;公司,延吉东路125号,121.544032,31.294294
上海阳普菜市场经营管理有限公司,公司企业;公司;公司,殷行路489号,121.535474,31.328204
佳光实业,公司企业;公司;公司,黄兴路1-9号附近(宁国路地铁站1号口步行60米),121.532603,31.269705
贵州酒业集团,公司企业;公司企业;公司企业,五角场国定东路267号,121.520382,31.298269
旭呈广告有限公司,公司企业;公司;公司,大连路742号(近唐山路)(大连路地铁站4号口步行390米),121.509967,31.261753
bilibili,公司企业;公司;公司,政立路485号国正中心3号,121.506523,31.309383
智火,公司企业;公司;公司,隆昌路619号城市概念8号楼南区C07室,121.538373,31.276068
上海市杨浦环境发展有限公司,公司企业;公司;公司,宁国路129号E楼,121.537356,31.263092
上海双辽农副产品市场经营管理有限公司,公司企业;公司;公司,双辽支路25号(江浦路地铁站6号口步行290米),121.517457,31.270381
沈旺商贸有限公司,公司企业;公司;公司,军工路2855号2栋,121.542408,31.333222
众芸装饰公司,公司企业;公司;公司,市光路1150-1号,121.536373,31.321777
上海即科智能技术集团有限公司,公司企业;公司;公司,新江湾城街道江湾城路99号8幢10层,121.510686,31.318104
星星救生消防设备服务有限公司,公司企业;公司;公司,共青路2号甲,121.561273,31.271125
上海可亦可文化传播有限公司,公司企业;公司;公司,飞虹路525号8层,121.508201,31.265013
上海智能交通有限公司,公司企业;公司;公司,周家嘴路1229号A座4层,121.509547,31.263184
上海瀚海检测技术股份有限公司,公司企业;公司;公司,翔殷路20号,121.553291,31.307272
志选商务咨询(上海)有限公司,公司企业;公司;商业贸易,黄兴路1599号613室,121.520991,31.286754
上海上殷动力科技有限公司,公司企业;公司;公司,军工路1076号园区内,121.553001,31.299039
印坊928,公司企业;公司;公司,齐齐哈尔路928号,121.524729,31.266758
集火社孵化器,公司企业;公司;公司,国顺东路800号西楼A553座附近,121.524672,31.293645
上海艾华酒店管理有限公司,公司企业;公司;公司,隆昌路619号城市概念1号楼A301室,121.540592,31.275558
浙江文鑫建筑工程有限公司(沪),公司企业;公司;建筑公司,图们路20弄图们新苑2号1楼,121.547264,31.290833
兴农资产,公司企业;公司;公司,铁岭路98号,121.512451,31.280406
西龙香烛礼仪服务有限公司,公司企业;公司;公司,周家嘴路2168号,121.517093,31.267818
上海烟草集团有限责任公司(通北路),公司企业;公司;公司,长阳路717号6楼,121.516685,31.262961
I DO 100创客,公司企业;公司;公司,四平路1779号复旦科技园-副楼100,121.508837,31.287806
慧科技,公司企业;公司;公司,黄兴路1728号东方蓝海国际广场2号楼,121.521090,31.289876
华创众孵空间,公司企业;公司;公司,国顺东路398号,121.529419,31.297610
馨筑建设,公司企业;公司;公司,龙口路29弄7号(宁国路地铁站5号口步行420米),121.532254,31.266656
宝钢集团上海二钢有限公司,公司企业;公司;公司,凤城路101号107室,121.522429,31.279386
上海小树信息技术有限公司,公司企业;公司;网络科技,大学路248号1204室,121.508360,31.303747
上海兑康电子商务有限公司,公司企业;公司;公司,海安路486号,121.561029,31.291200
上海环球公司(内江分公司),公司企业;公司;公司,延吉新村街道延吉东路45-3号,121.536541,31.289210
上海市黄浦江大桥工程建设处,公司企业;公司;建筑公司,宁国路41-1号附近,121.538290,31.261846
上海东海制药股份有限公司,公司企业;公司;医药公司,共青路486号,121.561029,31.291200
上海杨浦区尚荣市容服务中心,公司企业;公司;公司|生活服务;生活服务场所;生活服务场所,白城路256号,121.543819,31.316119
和水(上海)实业有限公司,公司企业;公司;公司,长海路街道民星路160号,121.551794,31.311666
益盟股份,公司企业;公司;网络科技,国权北路1688号湾谷科技园B3-1,121.503647,31.340237
上海电气通讯技术有限公司,公司企业;公司;公司,长白新村街道春江路655号,121.554547,31.295945
上海非迅网络科技有限公司,公司企业;公司;网络科技,国定路335号1号楼9001室,121.508643,31.297500
玖如空间,公司企业;公司;公司,长阳创谷1687号7号楼7105号,121.533674,31.271130
上海杨浦科技创新(集团)有限公司,公司企业;公司;公司,政立路415号中航天盛广场B座9楼,121.509116,31.309419
上海迅格经贸有限公司,公司企业;公司;商业贸易,上海市杨浦区上海市杨浦区五角场镇虬江码头路5号-2,121.555440,31.308593
杨浦滨江,公司企业;公司;公司,杨树浦路2086号207室,121.54613,31.262854
上海晶通化工胶粘剂有限公司(海州路105弄小区西南),公司企业;公司;冶金化工,宁武路164号,121.546546,31.267126
瑞易微仓(国顺路店),公司企业;公司;公司,国顺路145号B1层(国权路地铁站1号口步行470米),121.513968,31.290735
上海电院资产经营有限责任公司,公司企业;公司;公司,平凉路2111号,121.547730,31.271869
上海东方大学城餐饮服务管理有限公司,公司企业;公司;公司,国年路275弄15号,121.504768,31.294826
桔子空间(五角场街道),公司企业;公司;公司,四平路1945号(国权路地铁站1号口步行190米),121.510578,31.290732
上海宇路供应链管理股份有限公司,公司企业;公司;公司,民京路704号,121.520509,31.320944
兆联天下,公司企业;公司;公司,军工路100号,121.558076,31.281906
写意创意,公司企业;公司;公司,四平路1147弄2号(四平路地铁站1号口步行390米),121.503818,31.277946
上海庆宸财务咨询有限公司,公司企业;公司;公司,国宾路18号万达广场A座12楼,121.513511,31.300117
卫百辛集团五角场物业管理有限公司(政化路),公司企业;公司;公司,国顺路400弄1-22号(国权路地铁站1号口步行360米),121.510542,31.292483
杨浦绿地商业管理有限公司,公司企业;公司;公司,控江路1628号紫荆广场东区B1层(江浦路地铁站3号口旁),121.517002,31.274792
上海巴士第一公共交通有限公司十三车队,公司企业;公司;公司,图们路21号,121.548401,31.289961
青岛啤酒上海杨浦有限公司,公司企业;公司;公司,定海路街道平凉路2678号,121.555254,31.276762
上海拓勃商贸有限公司,公司企业;公司;公司,隆昌路619号城市概念8号楼南A09,121.538359,31.275523
上海绿墙绿化有限公司,公司企业;公司;公司,隆昌路588号复旦软件园2号楼306室,121.543310,31.276285
辰阳绒业,公司企业;公司;公司|购物服务;服装鞋帽皮具店;服装鞋帽皮具店,黄兴路601-4号(黄兴路地铁站3号口步行290米),121.525374,31.277814
上海申通拆房工程有限公司,公司企业;公司;公司,国和路458号二楼,121.519220,31.309223
上海旭立信息技术有限公司,公司企业;公司;公司,隆昌路619号城市概念创意园区10A楼210室,121.541767,31.275214
上海环银装潢设计,公司企业;公司;广告装饰,兰州路1106号宜嘉商务2层23室,121.526385,31.267605
培成建设,公司企业;公司;建筑公司,中原路284-286号(市光路地铁站3号口步行290米),121.532559,31.320182
上海中测行工程检测咨询有限公司,公司企业;公司;公司,军工路2390号,121.555798,31.324501
江浦市政工程有限公司,公司企业;公司;建筑公司,军工路1609号,121.544816,31.315056
上海平旭绿色食品有限公司,公司企业;公司;公司,白城路360号,121.543764,31.318660
福优网,公司企业;公司;网络科技,四平路街道中山北二路1133号1楼,121.503038,31.286971
智慧树,公司企业;公司;公司,江浦路1500号(江浦路地铁站1号口步行200米),121.520649,31.274484
上海烨煊信息技术有限公司,公司企业;公司;公司,纪念路8号5号楼,121.491679,31.297634
上海富丘贸易有限公司,公司企业;公司;公司,隆昌路619号八号楼北区c10,121.538777,31.276680
新加坡AVID建筑设计,公司企业;公司;广告装饰,本溪路181号凤凰园305室,121.514279,31.275372
上海傲驰汽车技术服务有限公司,公司企业;公司;公司,军工路100号28栋,121.558738,31.283521
上海稳卓实业有限公司,公司企业;公司;公司,杨树浦路3025号,121.558548,31.273309
南通六建,公司企业;公司;建筑公司,宁国路444号(宁国路地铁站4号口步行340米),121.535208,31.267317
上海精密仪器仪表有限公司,公司企业;公司;机械电子,[],121.534427,31.262183
上海市丝绸进出口公司白洋淀仓库,公司企业;公司;公司,周家嘴路4222号,121.551768,31.284158
宝钢集团上海二钢有限公司人管中心,公司企业;公司;公司,长阳路1900弄9-12号,121.540034,31.270622
文晶物业管理有限公司,公司企业;公司;公司,双阳支路39-41号,121.538457,31.273904
上海五角场物业管理有限公司(政通路),公司企业;公司;公司|生活服务;生活服务场所;生活服务场所,国定路与政立路交叉口东南120米,121.503589,31.307099
上海卢维王商贸有限公司,公司企业;公司;商业贸易,抚顺路374号,121.509492,31.277882
上海粮油仓储有限公司(一号路),公司企业;公司;公司,军工路2390号,121.555482,31.325108
上海五角场物业管理有限公司(政立路),公司企业;公司;公司,政立路80弄,121.520048,31.307888
格雅装潢,公司企业;公司;广告装饰,民京路834号,121.522088,31.322166
九庭电商社区,公司企业;公司;公司,惠民路694号华申大楼(平凉路地铁站5号口步行460米),121.521287,31.258026
埃姆梯埃姆(上海)企业管理咨询有限公司,公司企业;公司;公司,营口路588号海上杰座2号楼18G,121.534182,31.294944
上海交通投资集团有限公司(周家嘴路),公司企业;公司;公司,周家嘴路3805-3815号(33路车站旁),121.544449,31.280181
上海联创建筑设计有限公司,公司企业;公司;建筑公司,控江路1500弄1-10号(江浦路地铁站1号口步行220米),121.520182,31.276051
上海智庭工作室,公司企业;公司;公司,国顺东路800号上海800艺术区5层515A,121.524412,31.293883
紫龙玉文化创意有限公司,公司企业;公司;公司,国顺东路800号上海800艺术区2层216,121.524412,31.293883
隧道股份上海公路桥梁(集团)有限公司,公司企业;公司;公司,国科路36号(靠近黄兴路大润发对面),121.519910,31.287234
上海鼎坤机电设备有限公司,公司企业;公司;机械电子,霍山路720号,121.519611,31.260046
卫百辛集团延吉物业管理有限公司,公司企业;公司;公司,水丰路与靖宇东路交叉口西50米,121.536862,31.289412
申宏冷藏食品交易市场经营管理有限公司展示展销中心,公司企业;公司;公司,周家嘴路4395号,121.554790,31.286603
南洋电缆集团(周家嘴路),公司企业;公司;公司,周家嘴路3102-3108号上海宝和实业水晶商厦,121.531831,31.275560
福莲嘉叶,公司企业;公司;公司,控江路1503-1号(江浦路地铁站1号口步行390米),121.522927,31.275857
趣存自助仓,公司企业;公司;公司,长阳路1581号2-4层(黄兴路口),121.532609,31.269274
上海民星劳动工具有限公司,公司企业;公司;公司,民星路172号,121.547594,31.311756
上海杨浦环境发展有限公司(第一分公司),公司企业;公司;公司,水丰路43号,121.542323,31.280263
耐克体育(中国)有限公司,公司企业;公司;公司,江湾城路99号1座刘翔中心9层,121.507490,31.317036
上海煤气表具有限公司,购物服务;家居建材市场;厨卫市场|公司企业;公司;公司,铁岭路华元豪庭,121.515077,31.276578
上海城建物资有限公司(住鼎建筑配套分公司),公司企业;公司;公司,五角场镇军工路1555号,121.545472,31.313400
华源药业,公司企业;公司;医药公司,辽源东路31-35号39、49,121.534733,31.278359
上海电气(辽阳路),公司企业;公司;机械电子,辽阳路411号4楼,121.514949,31.262077
中旭建设,公司企业;公司;建筑公司,闸殷路68号,121.528919,31.336396
中建港务船舶(疏浚)分公司,公司企业;公司;建筑公司,扬浦区军工路浚浦局路2号,121.547111,31.334153
上海杨浦环境发展有限公司(第三分公司),公司企业;公司;公司,军工路3701-1临附近,121.540639,31.332648
同济大学同济科教技术物资公司,科教文化服务;学校;高等院校|公司企业;公司;公司,四平路1239号同济大学四平路校区,121.498454,31.281037
上海杨浦环境发展有限公司(海桥保洁分公司),公司企业;公司;公司,敦化路175号,121.538217,31.291400
复旦网络信息工程有限公司,公司企业;公司;网络科技,逸仙路35号,121.489692,31.294802
上海烟草集团有限责任公司退管办,公司企业;公司;公司,福宁路88号(丹阳路地铁站1号口步行220米),121.533318,31.254596
上海杨浦园林绿化建设养护有限责任公司,公司企业;公司;公司,辽源东路59号,121.535787,31.278348
上海闻通信息科技有限公司,公司企业;公司;网络科技,控江路1029弄1国科大厦6层,121.532405,31.280482
上海明华电力技术工程有限公司,公司企业;公司;公司,杨树浦路2800号,121.554833,31.269724
上海隆英,公司企业;公司;公司,锦西路185号3楼(鞍山新村地铁站4号口步行170米),121.508211,31.273964
艾艾精密工业输送系统(上海)股份有限公司,公司企业;公司;公司,五角场镇翔殷路580号(翔殷路地铁站1号口步行250米),121.533938,31.305953
上海市建筑构件制品有限公司,公司企业;公司;公司,军工路2800号,121.543225,31.331796
润英蓝地计量检测(上海)有限公司,公司企业;公司;公司,翔殷路128号上海理工大学国家大学科技园1号楼C座,121.551065,31.309255
上海纺织节能环保中心,公司企业;公司;公司,平凉路988号东纺谷创意园(平凉路地铁站2号口步行490米),121.531040,31.259843
五角场集团,公司企业;公司;公司,国伟路135号临智汇商务楼12号楼,121.533105,31.330867
上海申古食品有限公司,公司企业;公司;公司,军工路2428号申古食品厂压缩机房,121.553719,31.328905
上海昕锋电器有限公司,公司企业;公司;公司,周家牌路301号3号楼5楼,121.544401,31.264781
上海红鹏模型设计有限公司,公司企业;公司;公司,市光路299号2号楼2楼,121.517226,31.315643
上海惠龙食品销售有限公司,公司企业;公司;公司,军工路1203-2号,121.544535,31.302692
三爱思试剂,公司企业;公司;公司,军工路2588号,121.546642,31.327341
DPARK,公司企业;公司;公司,长阳路738号(江浦公园地铁站3号口步行490米),121.518623,31.261911
东方国际集团,公司企业;公司;公司,周家嘴路4222号,121.546976,31.279775
旭缘商贸有限公司(国和路),公司企业;公司;公司,国和路487-3号附近,121.519493,31.310181
上海张港标准件有限公司(原标四厂经营部),公司企业;公司;公司,霍山路1198-1号附近,121.527626,31.264347
上海复迪科技有限公司,公司企业;公司;网络科技,国定路428号同舟大厦512A,121.507895,31.300199
上海同济开元建筑设计有限公司,公司企业;公司;建筑公司,中山北二路1151号上海国际设计中心北裙楼4楼,121.503012,31.287001
厦门用友烟草软件有限责任公司(昆明路),公司企业;公司;网络科技,昆明路596荣广商务中心C区406、408,121.513753,31.261238
上海松涛市政工程公司,公司企业;公司;公司,许昌路1485号,121.512773,31.271370
上海聚视电子技术有限公司,公司企业;公司;机械电子,杨树浦路3025号东1楼105室,121.558656,31.273131
上海腾隆(集团)有限公司,公司企业;公司;公司,赤峰路20、30,121.501381,31.280192
上海同富信息科技有限公司,公司企业;公司;网络科技,昆明路596荣广商务中心C区5层,121.513753,31.261238
W.E.Studio,公司企业;公司;公司,大连路990海上海新城商务楼10号楼7层703,121.507338,31.266478
上海旺仁实业有限公司,公司企业;公司;公司,国定东路273号5号楼,121.521220,31.298841
上海市南自来水设备成套有限公司,公司企业;公司;公司,许昌路280号3号楼三楼,121.526099,31.253676
上海隆力奇实业有限公司,公司企业;公司;公司,江浦路273-2号(丹阳路地铁站4号口步行180米),121.529334,31.255628
上海高致精密仪器有限公司,公司企业;公司;公司,昆明路596荣广商务中心C区2号102,121.513753,31.261238
都和国际,公司企业;公司;公司,大连路990海上海新城商务楼10号楼15层1502,121.507338,31.266478
上海长直网络科技有限公司,公司企业;公司;网络科技,大连路970号海上海新城商务楼9号楼13层1303室,121.507383,31.265939
上海磊华船舶工程有限公司(大连路),公司企业;公司;公司,大连路970号海上海新城商务楼9号楼10层1006室,121.507383,31.265939
上海海烟实业合作公司,公司企业;公司;公司,双阳路232-1、252,121.535759,31.275117
上海茜妮水利市政工程有限公司,公司企业;公司;公司,白城路740号,121.543906,31.325256
上海政星实业有限公司,公司企业;公司;公司,永吉路157号,121.533711,31.283039
上海闪锐新能源科技有限公司,公司企业;公司;公司,黄兴路1599号新纪元国际广场6层605号,121.521099,31.286842
上海同磊土木工程技术有限公司,公司企业;公司;公司,黄兴路1599号新纪元国际广场16层1601-1607,121.521099,31.286842
上海淳大源地实业有限公司,公司企业;公司;公司,武东路188号上海财大豪生大酒店2层208号,121.492052,31.304530
铭大集团(长阳路),公司企业;公司;公司,长阳路2467号铭涛楼2层(隆昌路地铁站1号口步行130米),121.544452,31.276050
和音丝绸(长阳路店),公司企业;公司;公司,长阳路1624号(宁国路地铁站3号口步行60米),121.534598,31.269271
上汽大通汽车有限公司,公司企业;公司;公司,军工路2500号(近港水路),121.549716,31.326898
上海恒益电液制造有限公司,公司企业;公司;公司,翔殷路121弄1-3号楼2号,121.552075,31.306443
上海伟民物资有限公司,公司企业;公司;公司,黄兴路156号五星大厦403室,121.532090,31.271818
上海大染坊实业有限公司,公司企业;公司;公司,黄兴路122号光大信成大厦10层,121.532678,31.271058
复旦光华(锦西路),公司企业;公司;公司,锦西路185号2楼(鞍山新村地铁站4号口步行170米),121.508151,31.273922
中海电信有限公司上海船舶通信导航分公司,公司企业;公司;电信公司,内江路11号,121.553838,31.273730
荣昱集团上海荣昱实业有限公司,公司企业;公司;公司,宁国路313弄-6-8龙泽大厦2幢13层,121.535610,31.265133
上海励勤工业科技有限公司,公司企业;公司;网络科技,宁国路313弄-6-8龙泽大厦2幢905,121.535530,31.265046
上海理泊软件科技有限公司,公司企业;公司;网络科技,宁国路313弄-6-8龙泽大厦2幢1309,121.535530,31.265046
杨浦商贸,公司企业;公司;商业贸易,平凉路1495号(近宁国路),121.537945,31.263214
上海云代网络科技有限公司,公司企业;公司;网络科技,政法路195号文华楼1202,121.514189,31.293280
华联超市(隆昌路店),公司企业;公司;公司,隆昌路609号(近长阳路),121.543046,31.274186
隧道股份上海城建水务工程有限公司,公司企业;公司;公司,龙江路18号,121.526686,31.254250
上海烟草集团有限责任公司(昆明路),公司企业;公司;公司,许昌路1061号,121.518410,31.264662
上海鹿荣实业有限公司,公司企业;公司;公司,邯郸路98号甲无锡大厦1902室,121.494744,31.294619
上海精鼎电力科技有限公司,公司企业;公司;网络科技,邯郸路98号甲无锡大厦703室,121.494744,31.294619
上海益复生态环境科技有限公司,公司企业;公司;公司,国定路335号上海复旦科技园创业中心8层809,121.508578,31.296968
上海凌讯微纳信息技术有限公司,公司企业;公司;公司,国定路335号上海复旦科技园创业中心24层2404,121.508578,31.296968
上海联横智能科技有限公司,公司企业;公司;网络科技,国定路335号上海复旦科技园创业中心12层1207,121.508578,31.296968
上海亨恒,公司企业;公司;公司,四平路2158号富庆国定大厦708-709室,121.513710,31.294690
三湘印象,公司企业;公司;公司,逸仙路333号湘海大厦,121.487889,31.299286
上海兆利纸业有限公司,公司企业;公司;公司,控江路1029弄1国科大厦21层,121.532405,31.280482
上海优途信息科技有限公司,公司企业;公司;网络科技,国泰路11号复旦科技园大厦508,121.507796,31.287912
上海一翔工贸有限公司,公司企业;公司;商业贸易,平凉路2716号航天新亚都市工业园13号楼6层,121.556119,31.277531
上海杨浦科技企业服务中心,公司企业;公司;公司,杨树浦路2294-2300号知兴大厦,121.548620,31.265211
新阳普超市公司,公司企业;公司;公司,辽源西路82号,121.513388,31.269200
士康射频技术有限公司(国泰路),公司企业;公司;公司,国泰路11号复旦科技园大厦8层,121.507796,31.287912
上海实越贸易有限公司,公司企业;公司;商业贸易,控江路2075贵人大厦商务楼407室,121.507619,31.270861
上海赛正实业有限公司,公司企业;公司;公司,控江路1029弄1国科大厦15层1506,121.532405,31.280482
上海瑞宜医疗器械有限公司,公司企业;公司;医药公司,控江路1029弄1国科大厦11层1102,121.532405,31.280482
上海平鹏金属材料有限公司,公司企业;公司;公司,淞沪路161号中环国际大厦23层01-02室,121.513216,31.303413
上海济阳科技发展有限公司(复旦科技园大厦南),公司企业;公司;网络科技,国泰路11号复旦科技园大厦708,121.507796,31.287912
大连冷冻机股份有限公司(江浦路),公司企业;公司;公司,控江路1553-1555号上海信息技术大厦A座1607,121.519144,31.274614
上海瓯南建材有限公司,公司企业;公司;公司,营口路825号企航商务904,121.531623,31.300536
上海宙盟数码技术有限公司,公司企业;公司;网络科技,大连路950海上海新城商务楼8号楼10层1007,121.507573,31.265411
上海越友贸易有限公司,公司企业;公司;商业贸易,荆州路334弄108号荣广商务中心A区1号楼107,121.514140,31.260720
上海伊埃姆西节能工程技术有限公司,公司企业;公司;公司,政熙路80号(国权路地铁站4号口步行300米),121.507680,31.291108
上海新皓工程技术有限公司,公司企业;公司;公司,大连路950海上海新城商务楼8号楼10层1003,121.507573,31.265411
司特尔(上海)国际贸易有限公司,公司企业;公司;商业贸易,大连路970号海上海新城商务楼9号楼7层702室,121.507383,31.265939
巨晴国际机构,公司企业;公司;公司,大连路990海上海新城商务楼10号楼1201-1203、1205,121.507338,31.266478
上海锦佩工艺品有限公司,公司企业;公司;公司,大连路970号海上海新城商务楼9号楼3层307室,121.507383,31.265939
上海皇家网络科技有限公司,公司企业;公司;网络科技,营口路825号企航商务811,121.531623,31.300536
上海大有房地产经纪有限公司,公司企业;公司;公司,吉林路60三九商务楼4层,121.520230,31.261419
边缘建筑,公司企业;公司;建筑公司,大连路990海上海新城商务楼10号楼707,121.507338,31.266478
SEEKER,公司企业;公司;公司,黄兴路1675五角场科技大厦11层,121.520271,31.288829
浙江万峰,公司企业;公司;公司,国和路500弄9-1号,121.518633,31.311633
上海有孚网络股份有限公司,公司企业;公司;网络科技,国定路323号12层,121.508680,31.296292
音墙网络科技(上海)有限公司,公司企业;公司;网络科技,国泰路11号复旦科技园大厦1901-1904,121.507796,31.287912
上海西恩公司(双阳路),公司企业;公司;公司,控江路1029弄1国科大厦9层901,121.532405,31.280482
上海团购网,公司企业;公司;网络科技,荆州路334弄108号荣广商务中心A区1号楼2层201-202,121.514140,31.260720
同轩置业有限公司,公司企业;公司;公司,国泰路11号复旦科技园大厦1308,121.507796,31.287912
上海四和房地产开发有限公司,公司企业;公司;公司,黄兴路2005弄杨浦大厦22A,121.517103,31.293888
上海京廊物资有限公司,公司企业;公司;公司,邯郸路98号甲无锡大厦1403室,121.494744,31.294619
上海市基础工程集团有限公司(民星路),公司企业;公司;公司,民星路231号9号楼,121.544497,31.310868
广州王老吉药业上海办事处,公司企业;公司;医药公司,荆州路334弄108号荣广商务中心A区1号楼3层303-307,121.514140,31.260720
上海复大诺贝健康科技有限公司,公司企业;公司;公司,国定路335号上海复旦科技园创业中心12层1211-1212,121.508578,31.296968
都市建筑设计有限公司(三所),公司企业;公司;建筑公司,荆州路334弄108号荣广商务中心A区1号楼3层306-308,121.514140,31.260720
上海宝闽实业有限公司,公司企业;公司;公司,共青路330弄1号,121.563511,31.285129
上海澳博海洋生物技术开发有限公司,公司企业;公司;公司,黄兴路2005弄杨浦大厦1号楼23B,121.518211,31.293333
良城物业有限公司,公司企业;公司;公司,殷行路470弄1-51号,121.536251,31.329045
上海中燃船舶燃料有限公司驳运一部,公司企业;公司;公司,共青路2号,121.561439,31.271117
上海鹰立纺织品有限公司,公司企业;公司;公司,大连路970号海上海新城商务楼9号楼21层2106室,121.507383,31.265939
上海朗源化工有限公司,公司企业;公司;冶金化工,大连路970号海上海新城商务楼9号楼901室,121.507383,31.265939
京伦装潢设计工程(上海)有限公司,公司企业;公司;广告装饰,大连路990海上海新城商务楼10号楼1608,121.507338,31.266478
上海广泉通讯设备有限公司,公司企业;公司;公司,控江路2063五环大厦西座11层1108-1109,121.508266,31.271400
上海港复兴船务公司复兴岛基地,公司企业;公司;公司,共青路82弄6号,121.563761,31.275103
上海迪贝曼国际贸易有限公司,公司企业;公司;商业贸易,大连路990海上海新城商务楼10号楼1206,121.507338,31.266478
宝健(中国)日用品有限公司上海分公司,公司企业;公司;公司,大连路990海上海新城商务楼10号楼16层1609,121.507338,31.266478
上海雪鸟信息科技发展有限公司,公司企业;公司;网络科技,国定路335号上海复旦科技园创业中心11层1100、1110,121.508578,31.296968
上海闸电东海电力工程公司,公司企业;公司;公司,闸殷路60弄9号,121.528543,31.338101
上海知识产权园有限公司,公司企业;公司;公司,杨树浦路2294-2300号知兴大厦,121.548620,31.265211
鹏欣国际家纺投资建设有限公司,公司企业;公司;公司,平凉路1398号上海室内纺织制品商贸大楼2层212,121.538069,31.263921
上海航盛滤清器有限公司,公司企业;公司;公司,平凉路2716号航天新亚都市工业园8号楼2层北,121.556763,31.276744
上海殷腾实业有限公司,公司企业;公司;公司,源泉路105号,121.530764,31.277653
翔华建筑公司,公司企业;公司;广告装饰,世界路95-2号,121.525784,31.319289
上海万可实业有限公司,公司企业;公司;公司,吉林路60三九商务楼3层,121.520230,31.261419
侨益房地产有限公司,公司企业;公司;公司,江浦路1188号阳明商务中心1028,121.520937,31.269307
上海敏杰电子有限责任公司,公司企业;公司;机械电子,长阳路1441号海运大厦312室,121.530037,31.267714
上海复闽仓储有限公司,公司企业;公司;公司,共青路330弄1号,121.563510,31.285135
上海东鑫电力工程安装有限公司(中环路),公司企业;公司;公司,军工路887-891号,121.547234,31.295223
上海电院电力设备有限公司,公司企业;公司;机械电子,平凉路2115号,121.547859,31.272006
上海欣艺信息技术有限公司,公司企业;公司;公司|生活服务;维修站点;维修站点,隆昌路526号,121.544654,31.273320
上海客车制造有限公司,公司企业;公司;公司,许昌路676号(平凉路地铁站5号口步行270米),121.523217,31.259704
上海黄浦江大桥建设有限公司,公司企业;公司;建筑公司,宁国路41号,121.538331,31.261769
上海船舶工业公司,公司企业;公司;公司,周家嘴路3255上海船舶大楼,121.534062,31.276737
上海科海豪斯数码科技有限公司,公司企业;公司;网络科技,四平路2158号富庆国定大厦504室,121.513710,31.294690
上海建筑五金公司,公司企业;公司;公司,齐齐哈尔路159号(丹阳路地铁站1号口步行370米),121.532430,31.255589
上海华复仓储贸易公司,公司企业;公司;商业贸易,共青路41号,121.561925,31.274499
上海制皂厂,公司企业;工厂;工厂|公司企业;公司;公司,杨树浦路2300-2310号上海知识产权园,121.549252,31.265748
上海杨浦建筑设计有限公司,公司企业;公司;建筑公司,许昌路1296号7楼,121.516063,31.268545
上海市市政工程管理咨询有限公司(周家嘴路),公司企业;公司;公司,周家嘴路3401号,121.536698,31.277279
上海水域环境发展有限公司,公司企业;公司;公司,国顺东路24号2-3层,121.541025,31.304085
上海和东科技有限公司,公司企业;公司;公司,黄兴路217号二钢明珠楼413,121.530754,31.271005
上海远洋船舶供应公司,公司企业;公司;公司|生活服务;物流速递;物流速递,政民路415号,121.503774,31.302341
上海萌兴经贸有限公司,公司企业;公司;商业贸易,邯郸路98号甲无锡大厦1101-1104,121.494744,31.294619
上海工具厂有限公司,公司企业;公司;公司,军工路1060号,121.5488,31.295164
上海复旦软件园有限公司,公司企业;公司;公司,国权路525号复华科技大楼,121.503516,31.293711
上海沪城建设工程有限公司,公司企业;公司;建筑公司,营口路766-1、768(黄兴公园地铁站1号口步行80米),121.533228,31.296137
上海森远木业有限公司,公司企业;公司;公司,军工路1300号甲,121.547799,31.303492
上海开的源钢材有限公司,公司企业;公司;公司,邯郸路98号甲无锡大厦1401室,121.494744,31.294619
上海机床厂有限公司,公司企业;公司;机械电子,军工路1146号,121.545851,31.299391
柏申建筑,公司企业;公司;建筑公司,白城路318号,121.543802,31.317801
上海恒皓创新酰胺有限公司,公司企业;公司;公司,定海港路434号,121.558277,31.275888
上海繁杨建筑材料有限公司,公司企业;公司;公司,民府路87-89,121.518016,31.313541
上海环杨固废中转运营有限公司,公司企业;公司;公司,军工路3701号,121.53814,31.334321
上海宝津贸易有限公司,公司企业;公司;商业贸易,邯郸路98号甲无锡大厦1201室,121.494744,31.294619
上海电力安装第一工程公司,公司企业;公司;公司,隆昌路235号,121.547679,31.269689
上海天奇兴钢铁有限公司,公司企业;公司;公司,邯郸路98号甲无锡大厦1901室,121.494744,31.294619
上海森雄科技实业有限公司,公司企业;公司;网络科技,国顺东路24号4层,121.541282,31.304275
万兄纸塑包装公司,公司企业;公司;公司,控江路1999号(鞍山新村地铁站2号出口步行60米),121.510679,31.273066
上海嘉林绿化管理有限公司,公司企业;公司;公司,源泉路148号(黄兴路地铁站1号口步行260米),121.530945,31.278628
上海成基市政建设发展有限公司,公司企业;公司;建筑公司,五角场镇国顺东路11号,121.542639,31.3051
上海朗拓大为物资贸易有限公司,公司企业;公司;商业贸易,邯郸路98号甲无锡大厦1702室,121.494744,31.294619
上海正广和饮用水有限公司(济宁路),公司企业;公司;公司,济宁路38号,121.520860,31.259458
上海君和电子有限公司,公司企业;公司;机械电子,邯郸路98号甲无锡大厦2001室,121.494744,31.294619
上海电缆厂有限公司,公司企业;工厂;工厂,军工路1076号,121.552557,31.297565
上海上缆辐照技术开发有限公司,公司企业;公司;公司,春江路1号,121.551022,31.295013
厦门市港龙装修工程有限公司上海第二分公司,公司企业;公司;公司,军工路100号40幢303室,121.558164,31.281895
思序设计,公司企业;公司;公司,国康路98号国际设计中心,121.501957,31.287016
小王装潢公司,公司企业;公司;公司,闸殷路开鲁新村第二小学北侧约190米,121.527360,31.329240
胜游网络科技有限公司,公司企业;公司;公司,淞沪路308号9号楼5楼,121.512659,31.306693
锦创科技,公司企业;公司;公司,安波路998号1号楼2F,121.520169,31.301158
趕恺数码广告设计制作有限公司,公司企业;公司;公司,四平路街道国康路46号同济科技大厦,121.504205,31.286862
艺腾广告,公司企业;公司;公司,虬江码头路5-1号,121.555933,31.309920
豪琰油漆涂料有限公司,公司企业;公司;公司,杭州路与宁武路交叉口西约220米,121.543701,31.266772
上海兴宇物业管理有限公司(政通路),公司企业;公司;公司,政通路一00弄10(江湾体育场地铁站1号口步行220米),121.516232,31.303911
新恒绿创旅游公司,公司企业;公司;公司,隆昌路588号(隆昌路地铁站4号口旁),121.543744,31.275340
上海昊文广告有限公司,公司企业;公司;公司,平凉路2440号芯工创意园3号楼216室,121.551789,31.275287
装修大狮,公司企业;公司;公司,军工路1436号21栋103室,121.548427,31.308238
新意互动广告有限公司,公司企业;公司;公司,平凉路街道辽阳路199号保利绿地广场5楼,121.517235,31.260548
智能照明有限公司,公司企业;公司;公司,昆明路518号北美广场a座(大连路地铁站1号口步行330米),121.513080,31.260225
锐佳广告,公司企业;公司;公司,五角场街道市光路34号,121.515126,31.309854
红宝石(控江店),公司企业;公司;公司|餐饮服务;糕饼店;糕饼店|购物服务;专卖店;专营店,控江路建设银行旁(江浦路地铁站2号口步行80米),121.517472,31.274507
上海海音阁休闲娱乐有限公司,体育休闲服务;娱乐场所;KTV|公司企业;公司;公司,包头南路111-2号,121.540570,31.298093
上海天丽音响设备有限公司,公司企业;公司;公司,翔殷路250号,121.544706,31.307779
上海中远空运,公司企业;公司;公司,国顺路131弄10号楼10层(政本路)复华商业大厦10楼,121.515181,31.290101
上海兴科纸塑印务有限公司,公司企业;公司;公司,延吉东路137弄-13号,121.547030,31.292509
童程童美公司,公司企业;公司;公司,淞沪路151号中环国际大厦4楼(江湾体育场地铁站6号口旁),121.513266,31.303329
申东木材有限公司,公司企业;公司;公司,五角场镇军工路1300号,121.547582,31.305714
上海信及光子集成技术有限公司,公司企业;公司;公司,逸仙路135号中国电子科技集团公司第二十三研究所2号楼201-206室,121.489398,31.295604
杨浦烟草糖酒有限公司,购物服务;便民商店/便利店;便民商店/便利店|公司企业;公司;公司,五角场镇国顺东路388号(黄兴公园地铁站2号口步行450米),121.530682,31.297311
中联筑境建筑设计有限公司,公司企业;公司;公司,四平路1398号同济联合广场b座1901室,121.506798,31.281811
上海同旅室内设计工程有限公司,公司企业;公司;公司,赤峰路63-4号附近,121.501645,31.279826
上海迦倍机电科技有限公司,公司企业;公司;公司,国定东路200号4号楼201室,121.519881,31.296843
斗鱼网路科技有限公司,公司企业;公司;公司,杨树浦路1062号滨江国际广场2号楼7楼,121.530513,31.251742
雷格斯服务式办公室(宝地广场),公司企业;公司企业;公司企业,大连路588号宝地广场B座16层,121.511837,31.260673
完美时空公司,公司企业;公司;公司,杨树浦路1088号渔人码头大厦12楼,121.531652,31.252540
西联国际城市规划建筑设计有限公司,公司企业;公司;公司,五角丰达商务广场政益路28号3B层,121.518202,31.303137
农副产品经营,公司企业;公司企业;公司企业,控江路114附近,121.533731,31.283070
上海迦莅机电成套设备有限公司,公司企业;公司;公司,周家嘴路1220弄众和金融大厦1号楼305室,121.509980,31.262760
上海绩优机电股份有限公司,公司企业;公司;公司,纪念路8号2号楼101室,121.492807,31.298099
国药(上海)电子商务有限公司,公司企业;公司;公司,营口路825号企航商务7层710-12,121.531609,31.300522
上海弘久实业集团有限公司,公司企业;公司;公司,平凉路街道杨树浦路1088号18楼上,121.531252,31.252371
江苏费尔空调设备有限公司,公司企业;公司;公司,四平路2158号富庆国定大厦1507-1510室,121.513710,31.294690
上海迪一仪表有限公司,公司企业;公司;公司,龙江路214号8号楼2楼,121.529788,31.256170
上海市电力公司电缆分公司,公司企业;公司;公司,杨树浦路与大连路交叉口西南40米,121.517197,31.251655
上海安特洛普化学有限公司,公司企业;公司;冶金化工,五角场万达广场B座写字楼,121.513213,31.300631
上海初盟教育科技股份有限公司,公司企业;公司;公司,逸仙路205号1806号,121.489163,31.296924
基地物业办公室,公司企业;公司;公司,周家牌路与临青路交叉口西南40米,121.543451,31.263579
中国建筑第八工程局中节能项目,公司企业;公司;公司,宁国南路,121.543066,31.258451
十全供应链,公司企业;公司;公司,军工路与浚浦局路交叉口北360米,121.543449,31.334087
上海普瑞邦克软件技术有限公司,公司企业;公司;公司,杨树浦路1062号滨江国际广场2号楼1002室,121.530532,31.251758
ACT,公司企业;公司;公司,国权路与政化路交叉口西80米,121.508445,31.290179
Flipped Lab浮力实验室,公司企业;公司;公司,齐齐哈尔路928号8号楼A座A116室,121.525922,31.266692
上海盐湖文通化工有限公司,公司企业;公司;公司,霍山路777号A座1507-08,121.519452,31.260419
FMWH,公司企业;公司;公司,周家嘴路与黄兴路交叉口西南60米,121.528278,31.274192
瀚心供应链,公司企业;公司;公司,黄兴路与国权东路交叉口北100米,121.520494,31.290261
励玉商务有限公司,公司企业;公司;公司,昆明路518号北美广场A座1902室,121.513069,31.260239
海思视康(上海)生物医学科技,公司企业;公司;公司,国通路127号2号楼3F,121.508181,31.308486
久利设计,公司企业;公司;公司,江浦路1500号3号楼5F(江浦路地铁站1号口步行100米),121.519531,31.274137
淳石集团,公司企业;公司;公司,四平路1063号上海中天大厦2楼,121.502979,31.277457
上海科越信息有限公司,公司企业;公司;网络科技,平凉路1000号天科国际大厦1楼,121.532599,31.260349
农发集团,公司企业;公司;公司,通北路390号上粮大厦1楼,121.520472,31.258478
滨州铭鑫旺商用厨具有限公司,公司企业;公司;公司,怀德路685-4号(平凉路地铁站5号口步行140米),121.523925,31.259684
安联,公司企业;公司;公司,霍山路与荆州路交叉口西南80米,121.515106,31.257338
上海顽半体育有限公司,公司企业;公司;公司,恒仁路350号上海体育国家大学科技园,121.523707,31.314505
上海中泉拆迁工程有限公司,公司企业;公司;公司,杨树浦路与定海路交叉口北60米,121.558548,31.273309
上海专通通讯工程有限公司,公司企业;公司;公司,南翔殷路与虬江码头路交叉口西北80米,121.554635,31.305506
千臣文化产业(东莞)有限公司上海分公司,公司企业;公司;公司,湾谷科技园C6座804室,121.502462,31.340534
YanGO,公司企业;公司;公司,江浦路与福宁路交叉口西60米(丹阳路地铁站3号口旁),121.530972,31.253539
凯枝商业公司,公司企业;公司;公司,宁国路与锦州湾路交叉口西60米,121.535947,31.264903
上海荣庄实业有限公司,公司企业;公司;公司,殷行路1286号嘉誉国际11层,121.508605,31.329477
上海众阳建筑装饰有限公司,公司企业;公司;公司,黎平路与平凉路交叉口南120米,121.558832,31.277747
福盛集团,公司企业;公司;公司,四平路与国权路交叉口西南60米,121.509713,31.289321
凤家居集团,公司企业;公司;公司,控江路与双阳路交叉口西南60米,121.532184,31.280513
达稻建设,公司企业;公司;建筑公司,隆昌路与海州路交叉口东40米,121.550014,31.268918
滨州成源商用厨具有限公司,公司企业;公司;公司,鞍山七寸30号楼(四平路地铁站2号口步行120米),121.502718,31.274364
杨浦区交通战备储备仓库,公司企业;公司;公司,白城路与开鲁路交叉口北160米,121.543711,31.326178
祥泷公司,公司企业;公司;公司,昆明路739号文通大厦607室,121.515456,31.263550
上海界纳文化创意有限公司,公司企业;公司;公司,霍山路与江浦路交叉口东40米,121.525032,31.263035
国泰君安期货有限公司,公司企业;公司;公司,霍山路398号T2座2606,121.515689,31.257045
得物公司,公司企业;公司;公司,长阳路1687号长阳创谷B层3楼,121.533726,31.272630
上海胜翱裕服饰有限公司,公司企业;公司;公司,宁武路10号11幢2楼,121.547783,31.266144
上海万徽宏膜结构有限公司,公司企业;公司;公司,民星路408号,121.537314,31.311674
中国石化,公司企业;公司;公司,三门路与吉浦路交叉口西120米,121.488736,31.311309
上海美申,公司企业;公司;公司,龙江路与许昌路交叉口北20米,121.526131,31.254140
上汽集团,公司企业;公司;公司,殷行路与白城路交叉口西160米,121.541858,31.328300
同济建设,公司企业;公司;建筑公司,双阳路与顺平路交叉口南40米,121.536231,31.274115
上海发策通信工程有限公司,公司企业;公司;公司,闸殷路与千山路交叉口东340米,121.532596,31.338816
上海哔哩哔哩科技有限公司,公司企业;公司;网络科技,国霞路16号君庭广场B座2楼,121.506217,31.310041
杉数科技,公司企业;公司;公司,纪念路8号16号楼,121.491040,31.297126
上汽集团,公司企业;公司;公司,周家嘴路与双阳路交叉口西南60米,121.534620,31.276222
杨浦区89街坊房屋拆除工程项目部办公室,公司企业;公司;公司,周家牌路与临青路交叉口南20米,121.543744,31.263677
宝尔捷自动化设备(上海)有限公司,公司企业;公司;公司,军工路1146号园区内,121.550038,31.301351
上海中莫电子商务(集团)有限公司,公司企业;公司;公司,保辉国际大厦D座708室,121.505146,31.315379
XTransfer(上海总部),公司企业;公司;公司,荆州路198号万硕大厦15层,121.515368,31.258679
上海震泰特茼实业有限公司,公司企业;公司;公司,北环路,121.549306,31.310099
CITY MART城市集市总部,公司企业;公司;公司,黄兴路221号互联宝地·杨浦园项目D31层3109,121.528908,31.273074
卢府宫(上海)香水化妆品有限公司,公司企业;公司;公司,邯郸路98号无锡大厦,121.494926,31.294625
上海浩瀚数字科技有限公司,公司企业;公司;公司,国权路98号国阳大厦,121.515821,31.288187
杨浦区城区邮电设计咨询研究院有限公司,公司企业;公司;公司,邮电设计咨询研究院有限公司,121.504753,31.286172
卫百辛集团,公司企业;公司;公司,沙岭路与顺平路交叉口东南约160米,121.545300,31.276285
利帧科技,公司企业;公司;网络科技,荆州路168号安联大厦12层,121.515907,31.258248
上海泓济环保,公司企业;公司;公司,国泰路11号复旦科技园大厦1层,121.508061,31.287842
蓝晶微生物,公司企业;公司;公司,临青路430号新联地带4号楼五楼C501,121.539749,31.268070
东滩顾问,公司企业;公司;公司,贵阳路398号文通国际广场9层,121.550056,31.274834
领坚网络科技有限公司,公司企业;公司;网络科技,黄兴路221号互联宝地C3二层八戒工厂,121.528905,31.273370
上海雍繁数据科技有限公司,公司企业;公司;网络科技,平凉路2241号智慧坊17号楼三层,121.548882,31.273150
燕道科技,公司企业;公司;公司,贵阳路398号文通国际广场26楼2608室,121.550056,31.274834
