company_name,location
上海市基础工程集团有限公司,上海市杨浦区民星路231号
上海创业接力科技金融集团有限公司,上海市杨浦区国定东路200号5号楼506-2室
上海复旦微电子集团股份有限公司,上海市邯郸路220号
上海网波软件股份有限公司,上海市杨浦区中山北二路1121号313B室
上海复洁环保科技股份有限公司,上海市杨浦区国权北路1688弄A7幢801室
上海四维文化传媒股份有限公司,上海市杨浦区铁岭路32号1617室
上海泽鑫电力科技股份有限公司,上海市杨浦区国定路323号1101-87室
上海群康沥青科技股份有限公司,上海市杨浦区黄兴路1800号709室
上海光和光学制造股份有限公司,上海市杨浦区翔殷路128号11号楼C座215-08室
上海花千树信息科技有限公司,上海市杨浦区控江路1142号23幢5114-54室
上海晏鼠计算机技术股份有限公司,上海市杨浦区国定路335号3201-3室
上海智子信息科技股份有限公司,上海市杨浦区国泰路11号1号展示厅A156室
卡替（上海）生物技术有限公司,上海市杨浦区黄兴路2218号2603-05室
上海市政工程设计研究总院（集团）有限公司,上海市杨浦区中山北二路901号
华域汽车车身零件（上海）有限公司,上海市翔殷路999号
上海博士高环保设备工程有限公司,上海市杨浦区控江路1555号B座705室-1
小红书科技有限公司,上海市杨浦区黄兴路2005弄2号(B楼)608-4室
上海爱投金融信息服务有限公司,上海市杨浦区武东路188号13002-1室
上海公路桥梁（集团）有限公司,上海市杨浦区国科路36号
上海电站辅机厂有限公司,上海市杨浦区隆昌路621号
上海瀚海检测技术股份有限公司,上海市杨浦区翔殷路20号六号楼201、202室
汉海信息技术（上海）有限公司,上海市杨浦区黄兴路221号D2座(8幢)102室
上海京东到家元信信息技术有限公司,上海市杨浦区杨树浦路1088号2201单元
上海金茂建筑装饰有限公司,上海市杨浦区铁岭路32号16层1601、1602室(集中登记地)
上海东海制药股份有限公司,上海市杨浦区共青路486号
上海兔小二科技有限公司,上海市杨浦区凤城路1号123幢418室
上海开普天岩土科技集团有限公司,上海市杨浦区国定支路26号3397室
上海盛世华天环境科技有限公司,上海市杨浦区长阳路1616号1幢2楼202-A12室
达疆网络科技（上海）有限公司,上海市杨浦区杨树浦路1088号2205单元
孚尧能源科技（上海）有限公司,上海市杨浦区杨树浦路1062号1701、1702室
上海沃特奇能源科技股份有限公司,上海市杨浦区隆昌路588号2号楼1001、1002、1003、1005室
上海精智实业股份有限公司,上海市杨浦区翔殷路128号11号楼D座101室
上海众启建筑科技集团有限公司,上海市杨浦区政通路100弄11号(集中登记地)
上海源慧信息科技股份有限公司,上海市杨浦区逸仙路13号25幢801室
上海电力设计院有限公司,上海市波阳路16号8号楼232室
上海工具厂有限公司,上海市军工路1060号
上海市政工程设计研究总院（集团）有限公司,上海市杨浦区中山北二路901号
上海电缆研究所有限公司,军工路1000号
上海起航云天科技股份有限公司,上海市杨浦区武东路198号1108室
森兰信息科技（上海）有限公司,上海市杨浦区国权北路1688弄69号7楼701室
上海安硕信息技术股份有限公司,上海市杨浦区国泰路11号2308室
智能云科信息科技有限公司,上海市杨浦区长阳路1687号西1号楼1106室
鲁班软件股份有限公司,上海市杨浦区淞沪路433号301室
上海毕得医药科技股份有限公司,上海市杨浦区翔殷路128号11号楼A座101室
上海经纬建筑规划设计研究院股份有限公司,上海市杨浦区黄兴路2005弄2号(B楼)1203室
华平信息技术股份有限公司,上海市杨浦区国权北路1688弄69号
上海趣致网络科技有限公司,上海市杨浦区国定路335号6015-4室
上海吉贝克信息技术有限公司,上海市杨浦区江湾城路99号3幢3层304室
上海华之邦科技股份有限公司,上海市杨浦区翔殷路128号11号楼A座202-10室
上海天跃科技股份有限公司,上海市杨浦区长阳路1687号东1225幢(A)楼A517室
上海鑫谊麟禾科技有限公司,上海市杨浦区殷行路1286号1001、1002、1003室
优刻得科技股份有限公司,上海市杨浦区隆昌路619号10#B号楼201室
上海电站辅机厂有限公司,上海市杨浦区隆昌路621号
上海图聚智能科技股份有限公司,上海市杨浦区国定东路275-8号8层A20室
上海万物新生环保科技集团有限公司,上海市杨浦区淞沪路433号1101-1103室
上海灵亨信息技术有限公司,上海市杨浦区共青路488号1号楼
上海清鹤科技股份有限公司,上海市杨浦区国泰路11号1层展示厅A160室
上海新动力汽车科技股份有限公司,上海市杨浦区军工路2636号
同济大学建筑设计研究院（集团）有限公司,上海市赤峰路65号
华乘电气科技股份有限公司,上海市杨浦区翔殷路128号11号楼D座207室
上海挚达科技发展有限公司,上海市杨浦区国通路127号1001-1室
上海企源科技股份有限公司,上海市杨浦区国定路323号1001-1、1001-2室
上海邮电设计咨询研究院有限公司,上海市杨浦区国康路38号3号楼
上海同臣环保有限公司,上海市杨浦区中山北二路1121号301A室
上海第一太平洋科技（集团）有限公司,上海市杨浦区军工路100号94幢101室
上海新眼光医疗器械股份有限公司,上海市杨浦区赤峰路65号614室
上海罗曼照明科技股份有限公司,上海市杨浦区黄兴路2005弄2号B楼611-5室
阿里体育有限公司,上海市杨浦区军工路1436号64幢一层J181室
上海三高计算机中心股份有限公司,上海市杨浦区国宾路36号1806室
上海有孚网络股份有限公司,上海市杨浦区国定路323号1201-1室
上海恒企教育培训有限公司,上海市杨浦区国宾路18号701B-1室
上海扬讯计算机科技股份有限公司,上海市杨浦区政益路47号3楼
上海梅思泰克环境（集团）股份有限公司,上海市杨浦区国定路335号10007C室
上海金东唐科技有限公司,上海市杨浦区长阳路2588号电力研究中心大楼602、603A室
千寻位置网络有限公司,上海市杨浦区国权北路1688弄38号9层、10层、11层、12层
上海机床厂有限公司,军工路1146号
上海联创设计集团股份有限公司,上海市四平路1188号1603-1604室
合城设计集团有限公司,上海市杨浦区国权北路1688弄68号201007室
上海勘察设计研究院（集团）有限公司,上海市杨浦区水丰路38号
上海新朋程数据科技发展有限公司,上海市杨浦区翔殷路128号6号楼2层(集中登记地)
上海商米科技集团股份有限公司,上海市杨浦区淞沪路388号505室
上海同岩土木工程科技股份有限公司,上海市杨浦区四平路1388号408室
冬暄（上海）测控技术有限公司,上海市杨浦区政益路47号610室
上海天狐创意设计股份有限公司,上海市杨浦区国通路127号1301-45室
上海凯达安全技术工程有限公司,上海市杨浦区隆昌路619号13号楼C10室
上海电院电力电子实业有限公司,上海市杨浦区营口路578号1807-1814室
上海睿泰数字科技有限公司,上海市杨浦区国定路323号1001-121室
易保网络技术（上海）有限公司,上海市杨浦区淞沪路270号2、3层
小沃科技有限公司,上海市杨浦区大连路688号1701(名义楼层为20层)
上海风神环境设备工程有限公司,上海市杨浦区国康路100号702
上海瑞桥土木工程咨询有限公司,上海市杨浦区国康路100号1106室
上海闸电东海电力工程有限公司,上海市杨浦区军工路4000号
上海复旦申花净化技术股份有限公司,上海市国泰路127弄1号1号楼1021室
上海复志信息技术有限公司,上海市杨浦区国定路323号901-73室
上海水生科技股份有限公司,上海市杨浦区军工路300号生活楼213室
上海易城工程顾问股份有限公司,上海市杨浦区平凉路988号1号楼6009室
上海万申信息产业股份有限公司,上海市国康路38号
上海沐月信息技术发展有限公司,上海市杨浦区国康路100号1002G室
上海汉邦京泰数码技术有限公司,上海市杨浦区四平路2158号1007室
上海酷芯微电子有限公司,上海市杨浦区淞沪路308号501室
上海安可科技股份有限公司,上海市杨浦区国定路335号10008-1室
上海信数科技有限公司,上海市杨浦区国通路127号16层(集中登记地)
上海欧萨评价咨询股份有限公司,上海市杨浦区平凉路720号6幢5楼
因朔桔（上海）智能科技有限公司,上海市杨浦区长阳路2588号2幢2楼(集中登记地)
上海同济城市规划设计研究院有限公司,上海市杨浦区国康路38号4幢同济规划大厦10-15层
上海济鼎实业有限公司,上海市杨浦区国康路100号802I室
上海长凯岩土工程有限公司,上海市杨浦区水丰路42号8楼
上海达坦能源科技股份有限公司,上海市杨浦区政立路497号1807室
上海欧坚网络发展集团股份有限公司,上海市杨浦区平凉路1000号13楼1301室
上海市政建设有限公司,上海市杨浦区国权北路1688弄5号501室
上海都市再生实业有限公司,上海市杨浦区锦西路69号414A2室
上海南一环保科技有限公司,上海市杨浦区中山北二路1121号1402-B2室
上海三凯工程咨询有限公司,上海市杨浦区松花江路251弄1号303室
径卫视觉科技（上海）有限公司,上海市杨浦区中山北二路1121号105Q室
上海济丽信息技术有限公司,上海市杨浦区逸仙路25号2层(集中登记地)
上海华源磁业股份有限公司,上海市杨浦区国权北路1688弄33号201009室
上海兆言网络科技有限公司,上海市杨浦区国通路127号16层(集中登记地)
上海华东发展城建设计（集团）有限公司,上海市杨浦区黄兴路2005弄2号楼511室
百试达（上海）医药科技股份有限公司,上海市杨浦区民京路853号1幢4247室
上海中卉生态科技股份有限公司,上海市杨浦区中山北二路1121号2楼201C室
上海晨骏网络科技有限公司,上海市杨浦区黄兴路2005弄2号(B楼)503-17室
上海同是科技股份有限公司,上海市杨浦区黄兴路2005弄2号(B楼)710-9室
上海凡拓数码科技有限公司,上海市杨浦区国霞路259号608室
上海流利说信息技术有限公司,上海市杨浦区长阳路1687号西1168幢(C楼)一层C2101室
上海元沣网络科技有限公司,上海市杨浦区翔殷路165号A区四楼417-4室
上海博士高环保科技有限公司,上海市杨浦区逸仙路25号1703J3室
上海中海龙智城科技股份有限公司,上海市杨浦区翔殷路128号11号楼D座207-02室
上海道客网络科技有限公司,上海市杨浦区江湾城路99号6幢7楼
上海云孵信息科技有限公司,上海市杨浦区国权北路1688弄68号201022室
上海迈外迪网络科技有限公司,上海市杨浦区控江路1142号23幢5051室
上海优必杰教育科技有限公司,上海市杨浦区国霞路258号6层602室
上海好医通健康信息咨询有限公司,上海市杨浦区军工路1436号64幢二层B座249室
上海华碧检测技术有限公司,上海市杨浦区国权北路1688弄75号104室
上海芯与网络科技有限公司,上海市杨浦区长阳路1687号西1160幢(1号楼)1201室
上海速石信息科技有限公司,上海市杨浦区国通路118号1801单元
上海天络行品牌管理股份有限公司,上海市杨浦区国宾路18号1501A-4室
上海妙克信息科技有限公司,上海市杨浦区杭州路741号9幢144室
上海合志信息技术有限公司,上海市杨浦区隆昌路619号8号楼北区C12室
美茵健康科技（上海）股份有限公司,上海市杨浦区国定路335号2号楼1912室
上海嘉因生物科技有限公司,上海市杨浦区国康路86号100幢403B室
上海万帝环境技术有限公司,上海市杨浦区杨树浦路2310号S718室
上海程析智能科技有限公司,上海市杨浦区隆昌路588_1号26楼2603-28室
中交疏浚技术装备国家工程研究中心有限公司,上海市杨浦区许昌路1296号2楼203室
上海梯之星信息科技有限公司,上海市杨浦区四平路1779号5层505室
上海复旦通讯股份有限公司,上海市国泰路127弄1号楼3楼1301-1320室
上海快卜新能源科技有限公司,上海市杨浦区铁岭路38号1层(集中登记地)
上海均瑶科创信息技术有限公司,上海市杨浦区锦创路26号1702室
上海宝存信息科技有限公司,上海市杨浦区荆州路168号名义9楼(实际8楼)
上海复通软件技术有限公司,上海市杨浦区国定路346号三楼0719室
上海明诺环境科技有限公司,上海市杨浦区赤峰路65号同济科技园2号楼204B室
闯奇信息科技（上海）有限公司,上海市杨浦区逸仙路25号303Q室
上海赛特斯信息科技股份有限公司,上海市杨浦区国泰路127弄1号楼底层101-10室
上海润益互联网科技有限公司,上海市杨浦区黄兴路2005弄2号(B楼)1204室
上海贝耳塔信息技术有限公司,上海市杨浦区内江路191号111幢104室
云瓣科技有限公司,上海市杨浦区国定路323号1001-100室
上海黑犇互联网科技有限公司,上海市杨浦区国权北路1688弄36号303F室
上海人鼎人教育科技有限公司,上海市杨浦区军工路1436号64幢一层J137室
自连电子科技（上海）有限公司,上海市杨浦区国定路346号三楼0213室
上海新纳通信技术有限公司,上海市杨浦区国定路323号1101-10室
上海展湾信息科技有限公司,上海市杨浦区黄兴路217号A座14层A1401、A1403号
上海创魅芯技网络科技有限公司,上海市杨浦区国定支路26号2476室
上海域乎信息技术有限公司,上海市杨浦区国定路323号3层(集中登记地)
上海宜智文化传播发展有限公司,上海市杨浦区国定路323号1101-146室
上海诚望科技集团股份有限公司,上海市杨浦区国霞路259号210室
上海传漾数字科技有限公司,上海市杨浦区黄兴路2005弄2号1316室
上海鑫合益智能科技发展有限公司,上海市杨浦区长阳路1687号东1248幢(5号楼)2177室
上海天夏景观规划设计有限公司,上海市杨浦区国权北路1688弄12号301-1室
上海同毅自动化技术有限公司,上海市杨浦区逸仙路13号25幢1705F1室
上海炘璞电子科技有限公司,上海市杨浦区国泰路127弄复旦科技园1号楼3楼1323室
上海精鲲计算机科技有限公司,上海市杨浦区国权北路1688弄75号10楼1001室
上海天健体育科技发展有限公司,上海市杨浦区恒仁路350号1幢110-72室
上海泽稷教育培训有限公司,上海市杨浦区邯郸路10号1号楼315室
上海辉明软件有限公司,上海市杨浦区武东路198号902-5室
上海复亚智能科技有限公司,上海市杨浦区国泰路127弄1号三层(集中登记地)
上海荟乐奇教育科技有限公司,上海市杨浦区邯郸路10号3号楼311室
上海复享光学股份有限公司,上海市杨浦区国定东路200号4号楼412-1室
上海同大规划建筑设计有限公司,上海市杨浦区四平路1188号1201室
上海嘉广聚智能科技有限公司,上海市杨浦区政通路100弄11号(集中登记地)
上海阳霖文化传媒发展有限公司,上海市杨浦区翔殷路165号B区二楼206-1室
上海即科智能技术集团有限公司,上海市杨浦区江湾城路99号8幢10层(名义楼层)
上海诚扬信息科技有限公司,上海市杨浦区国定路335号2307室
乐擎网络科技（上海）有限公司,上海市杨浦区宁武路269号1号楼210室
上海国兴农现代农业发展股份有限公司,上海市杨浦区中山北二路1121号4C06室
耘申信息科技（上海）有限公司,上海市杨浦区国康路100号1004F室
上海普信高分子材料有限公司,上海市杨浦区军工路1436号64幢一层C149室
上海浦海求实电力新技术股份有限公司,上海市杨浦区黄兴路2005弄2号1706-14室
方一信息科技（上海）有限公司,上海市杨浦区国定路323号1101-162室
极三科技有限公司,上海市杨浦区政通路100弄11号(集中登记地)
上海智能交通有限公司,上海市杨浦区周家嘴路1229号5楼
上海坤德信息科技有限公司,上海市杨浦区延吉中路77号207-C2室
上海城市水资源开发利用国家工程中心有限公司,上海市杨浦区许昌路230号1幢
上海儒竞智控技术有限公司,上海市杨浦区国权北路1688弄75号1202D室
上海云规信息科技有限公司,上海市杨浦区军工路100号112幢一层
上海儒竞自动控制系统有限公司,上海市杨浦区国权北路1688弄75号1202A室
上海浩正电气有限公司,上海市杨浦区周家嘴路4222号
上海猎资网络科技有限公司,上海市杨浦区国权北路1688弄36号302D室
上海完美时空软件有限公司,上海市杨浦区四平路2500号22C-15室
生活空间（上海）数据技术服务有限公司,上海市杨浦区政通路100弄11号(集中登记地)
新智云数据服务有限公司,上海市杨浦区政立路421号1001室
上海犀语科技有限公司,上海市杨浦区伟德路6号1005-18室
上海弈客信息技术有限公司,上海市杨浦区恒仁路350号1幢315室
上海弗艾柏生物科技有限公司,上海市杨浦区国康路100号1203W室
上海沐恒实业有限公司,上海市杨浦区控江路1500弄3号一层(半地下室)120-121室
上海简答数据科技有限公司,上海市杨浦区伟德路6号1204-8室
上海表业有限公司,上海市杨浦区榆林路200号1号楼308室
连筹（上海）投资管理有限公司,上海市杨浦区伟成路70号304室
上海瓯洋海洋工程集团有限公司,上海市杨浦区国和路60号(集中登记地)
上海热璞网络科技有限公司,上海市杨浦区国定路323号1101-62室
上海盈联电信科技有限公司,上海市杨浦区国定东路233号3楼304室
上海同筑信息科技有限公司,上海市杨浦区国定路323号701-16室
上海途宝网络技术有限公司,上海市杨浦区伟德路6号1003-24室
上海飞智电子科技有限公司,上海市杨浦区国霞路258号1108室
上海博斯腾网络科技有限公司,上海市杨浦区政学路88号903B室
上海雷龙信息科技有限公司,上海市杨浦区杨树浦路1088号1106室
上海藤云教育投资有限公司,上海市杨浦区国定支路26号2261室
上海仪器仪表研究所,上海市杨浦区龙江路214号
上海艾维仕环境科技发展有限公司,上海市杨浦区平凉路988号62幢608室
上海无委无线电检测实验室有限公司,上海市杨浦区国泰路127弄1号楼1066室(复旦科技园)
聚时科技（上海）有限公司,上海市杨浦区杨树浦路2300号3B层B02-59室
上海慧度至明信息科技有限公司,上海市杨浦区国通路127号16层(集中登记地)
上海悦鲲环保科技有限公司,上海市杨浦区国定支路26号2420室
上海孟伯智能物联网科技有限公司,上海市杨浦区军工路1436号64幢二层B座250室
上海优方信息科技服务股份有限公司,上海市杨浦区图们路6号906室
上海骞云信息科技有限公司,上海市杨浦区伟德路6号804-10室
上海数喆数据科技有限公司,上海市杨浦区国和路60号(集中登记地)
上海量维信息科技有限公司,"上海市杨浦区国权北路1688弄69号301室,304室"
上海亿道电子技术有限公司,上海市杨浦区国定路335号2号楼1008-2室
上海阅尔基因技术有限公司,上海市杨浦区政立路489号2005-2007室
上海蓝湖照明科技有限公司,上海市杨浦区军工路1076号031幢B59室
上海中测行工程检测咨询有限公司,上海市杨浦区军工路2390号12幢
上海同济工程咨询有限公司,上海市杨浦区四平路1398号18楼
上海畅圣计算机科技有限公司,上海市杨浦区黄兴路2005弄2号(B楼)706-9室
健医信息科技（上海）股份有限公司,上海市杨浦区黄兴路2005弄2号(B楼)1611室
简单车（上海）信息科技有限公司,上海市杨浦区长阳路1616号1幢1层A区(集中登记地)
上海微谱检测科技集团股份有限公司,上海市杨浦区国伟路139弄2号110室
上海湃道智能科技有限公司,上海市杨浦区黄兴路221号6幢B4座201单元
尚体健康科技（上海）有限公司,上海市杨浦区恒仁路350号1幢409室
上海华翌电气有限公司,上海市杨浦区翔殷路128号6号楼2层(集中登记地)
上海云诣网络科技有限公司,上海市杨浦区国安路432号501室
上海泰豪环境科技有限公司,上海市杨浦区国泰路11号1层展示厅B261室
上海玳鸽信息技术有限公司,上海市杨浦区国定路323号3层(集中登记地)
上海同吉建筑工程设计有限公司,上海市杨浦区中山北二路1121号909室
上海观合医药科技有限公司,上海市杨浦区翔殷路128号12号楼三楼C座101-110室
北极星云空间技术股份有限公司,上海市杨浦区政悦路318号68幢2252室
上海友为工程设计有限公司,上海市杨浦区水丰路40号
上海衡峰氟碳材料有限公司,上海市杨浦区翔殷路81号2幢111室
上海同屹会展服务有限公司,上海市杨浦区中山北二路1121号三楼307C室
上海筑邦测控科技有限公司,上海市杨浦区赤峰路65号同济科技园212G室
沈机（上海）智能系统研发设计有限公司,上海市杨浦区翔殷路128号11号楼A座209-07室
上海新世纪资信评估投资服务有限公司,上海市杨浦区控江路1555号A座103室K-22
上海梅山工业民用工程设计研究院有限公司,上海市杨浦区控江路1029弄1号20B室
上海浦桥工程建设管理有限公司,上海市杨浦区宁国路41号
德佟电子科技（上海）有限公司,上海市杨浦区国定路323号1001-16室
上海复振科技有限公司,上海市国泰路127弄(复旦科技园1号楼236室)
光翰科技（上海）有限公司,上海市杨浦区国权北路1688弄75号1002-2-a室
语冠信息技术（上海）有限公司,上海市杨浦区长阳路1687号西1249幢(B楼)B135室
上海原擎网络科技有限公司,上海市杨浦区翔殷路165号A区405-2室
鑫涌算力信息科技（上海）有限公司,上海市杨浦区殷行路1280号1101室
上海纺织集团检测标准有限公司,上海市杨浦区平凉路988号26幢三楼308室
上海贝锐信息科技股份有限公司,上海市杨浦区国定路335号5008C室
上海电气斯必克工程技术有限公司,上海市杨浦区隆昌路621号05幢3楼
携程商旅信息服务（上海）有限公司,上海市杨浦区铁岭路32号1645室
上海市杨浦区铁岭路32号1645室,上海市杨浦区铁岭路32号1645室
上海时代天使医疗器械有限公司,上海市杨浦区政立路500号601-603室
上海净邻网络科技有限公司,上海市杨浦区隆昌路619号13号楼B08室
上海金润信息技术有限公司,上海市杨浦区长阳路1687号西1号楼1205室
上海咔酷咔新能源科技有限公司,上海市杨浦区国康路100号1203F室
上海爸妈营教育科技有限公司,上海市杨浦区翔殷路999号16幢238-239室
上海济安交通工程咨询有限公司,上海市杨浦区赤峰路65号同济科技园102-4室
紫芯集成电路系统（上海）有限公司,上海市杨浦区大学路243号904室
上海地东建筑设计事务所有限公司,上海市杨浦区沧州路138号430室
上海熙软科技有限公司,上海市杨浦区四平路1063号1701、1702、1707、1708室
视若飞信息科技（上海）有限公司,上海市杨浦区国泰路11号1层展示厅A203室
上海秒优供应链管理有限公司,上海市杨浦区国康路100号1204U室
薪海科技（上海）有限公司,上海市杨浦区国权北路1688弄78号1402A单元
上海闻政管理咨询有限公司,上海市杨浦区武东路198号701-4室
上海联达节能科技股份有限公司,上海市杨浦区政通路100弄11号(集中登记地)
上海青墨网络科技有限公司,上海市杨浦区民京路853号1幢1016室
亿可能源科技（上海）有限公司,上海市杨浦区国通路127号16层(集中登记地)
上海大不自多信息科技有限公司,上海市杨浦区政学路77号二楼201室
上海正弘建设工程顾问有限公司,上海市辽源西路107号
上海孪数科技有限公司,上海市杨浦区铁岭路38号1层(集中登记地)
上海喵呜信息科技有限公司,上海市杨浦区国定路346号三楼0520室
上海山楂互联网科技有限公司,上海市杨浦区黄兴路2005弄2号楼(B楼)404-8室
上海理湃光晶技术有限公司,上海市杨浦区包头路1135弄2号2079室
上海天琥教育培训有限公司,上海市杨浦区鞍山路5号25B-3室
复凌科技（上海）有限公司,上海市杨浦区国定路323号702-18室
上海树融数据科技有限公司,上海市杨浦区国通路127号16层(集中登记地)
纳琳威纳米科技（上海）有限公司,上海市杨浦区国定支路26号2364室
上海军信船舶科技有限公司,上海市长阳路1624号238室
上海同圆发动机测试设备有限公司,上海市杨浦区铁岭路32号1106-6室
上海明我信息技术有限公司,上海市杨浦区伟德路6号1307室
上海通办信息服务有限公司,上海市杨浦区政通路100弄11号(集中登记地)
钻技（上海）信息科技有限公司,上海市杨浦区军工路100号352幢103室
上海繁易信息科技股份有限公司,上海市杨浦区黄兴路2005弄2号(B楼)706-3室
上海镒链科技有限公司,上海市杨浦区殷行路833号3夹层(集中登记地)
上海谦问万答吧云计算科技有限公司,上海市杨浦区淞沪路433号805室
上海医米信息技术有限公司,上海市杨浦区国宾路18号1901室
上海微桥电子科技有限公司,上海市杨浦区国定路323号3层(集中登记地)
上海斯美科汇建设工程咨询有限公司,上海市杨浦区黄兴路1725号2202-2203室
上海浦凯预制建筑科技有限公司,上海市杨浦区国康路98号903室
中光未来科技发展（上海）有限公司,上海市杨浦区平凉路988号62幢605室
上海同宽建筑设计股份有限公司,上海市杨浦区贵阳路398号5楼
上海一者信息科技有限公司,上海市杨浦区隆昌路588_1号1210室
上海复旦网络股份有限公司,国定路335号
上海宜云健康管理咨询有限公司,上海市杨浦区国定路323号602-40室
上海通铭信息科技股份有限公司,上海市杨浦区国泰路11号704-6室
上海一造科技有限公司,上海市杨浦区四平路2500号22楼J35室
上海分布信息科技有限公司,上海市杨浦区政学路88号305室
上海佳锐信息科技股份有限公司,上海市杨浦区国定路335号13009D室
上海视岳计算机科技有限公司,上海市杨浦区隆昌路588_1号26楼2602-60室
上海复翼软件开发有限公司,上海市杨浦区周家嘴路3805号2002室
上海萌泰数据科技股份有限公司,上海市杨浦区国定路335号8006-9室
上海沃橙信息技术有限公司,上海市杨浦区平凉路1730号4030室
上海科建工程管理股份有限公司,上海市杨浦区翔殷路128号6号楼2层(集中登记地)
上海人脉信息技术股份有限公司,上海市杨浦区隆昌路588_2号1306-1307室
上海饰的网络科技有限公司,上海市杨浦区长阳路1616号1幢1层A区(集中登记地)
上海复文教育信息咨询有限公司,上海市杨浦区国定路335号2号楼1806-2室
上海致宇信息技术有限公司,上海市杨浦区邯郸路100号61号楼222室
华太极光光电技术有限公司,上海市杨浦区军工路1436号64幢一层A137室
上海澳马信息技术服务有限公司,上海市杨浦区国通路127号16层(集中登记地)
上海同济生物制品有限公司,上海市杨浦区赤峰路65号102-18室
上海中移信息技术有限公司,上海市杨浦区平凉路889号405室
上海凯波水下工程有限公司,上海市杨浦区营口路825号910室-01
合力工业车辆（上海）有限公司,上海市杨浦区伟成路62号1101、1102、1103、1104室
上海矽朋微电子有限公司,上海市杨浦区翔殷路999号21幢402室
博观创新（上海）大数据科技有限公司,上海市杨浦区黄兴路2005弄2号(B楼)403-3室
兰诚电子商务（上海）有限公司,上海市杨浦区杨树浦路622号D座(219幢)402室
上海魔卡信息科技有限公司,上海市杨浦区黄兴路2005弄2号(B楼)606-2室
耘创九州智能装备有限公司,上海市杨浦区国康路100号804C室
上海同澜生态环境科技有限公司,上海市杨浦区国康路100号403室
上海库赛网络科技有限公司,上海市杨浦区杭州路741号16幢6218室
上海随训通电子科技有限公司,上海市杨浦区民京路853号1幢5237室
上海东方明珠数字电视有限公司,上海市杨浦区国康路100号1303K室
上海卓希智能科技有限公司,上海市杨浦区军工路1436号64幢一层A103室
上海巴尚实业股份有限公司,上海市杨浦区长阳路2467号13幢115室
邦鼓思电子科技（上海）有限公司,上海市杨浦区隆昌路588_1号25楼2509-3室
上海新氦类脑智能科技有限公司,上海市杨浦区长阳路1687号东1225幢(A楼)二层A201
上海科视数码频道制作有限公司,上海市杨浦区平凉路1730号2B033室
上海东海风力发电有限公司,上海市杨浦区平凉路2103号46幢203室
上海脉策数据科技有限公司,上海市杨浦区黄兴路2005弄2号(B楼)506-16室
职优你（上海）教育科技有限公司,上海市杨浦区黄兴路2218号25层01室
上海蓝鳍信息科技有限公司,上海市杨浦区逸仙路23号301室
上海久耶供应链管理有限公司,上海市杨浦区杨树浦路2300号4A层B01-35室
上海钢蜂物流科技有限公司,上海市杨浦区国定路335号2号楼1704-1室
上海时代建筑设计有限公司,上海市杨浦区控江路1142号23幢4051-19室
伊尔庚（上海）环境科技有限公司,上海市杨浦区赤峰路65号4号楼182室
上海同科生物科技有限公司,上海市杨浦区赤峰路65号同济科技园207A室
上海众多美网络科技有限公司,上海市杨浦区江湾城路99号8幢8层
上海众调信息科技有限公司,上海市杨浦区国康路100号801U室
上海圭目机器人有限公司,上海市杨浦区国康路100号1301E室
上海溢米教育科技有限公司,上海市杨浦区隆昌路588_1号26楼2606-72室
上海晓信信息科技有限公司,上海市杨浦区控江路2061号616-27室
上海复歌信息科技有限公司,上海市杨浦区邯郸路100号61号楼207室
上海科瓴医疗科技有限公司,上海市杨浦区国通路118号1203单元
上海行蕴信息科技有限公司,上海市杨浦区控江路1500弄11号二层202室
上海云兜网络科技有限公司,上海市杨浦区国定路335号2406室
上海赜睿信息科技有限公司,上海市杨浦区隆昌路588_1号26楼2602-7室
上海异构网络科技有限公司,上海市杨浦区伟德路6号803-15室
上海心莲信息科技有限公司,上海市杨浦区国泰路11号1层展示厅B259室
上海木七七网络科技有限公司,上海市杨浦区国定东路200号2幢205-1室
上海胧爱文化传播有限公司,上海市杨浦区水丰路180号1幢266-2室
上海颖派汽车科技有限公司,上海市杨浦区平凉路1398号19幢3082室
上海迪安医学检验所有限公司,上海市杨浦区翔殷路128号10号楼、13号楼
沁济（上海）环境科技有限公司,上海市杨浦区国康路100号2层(集中登记地)
上海捷斯安环保科技有限公司,上海市杨浦区逸仙路135号1幢204室
新娘说（上海）网络科技有限公司,上海市杨浦区邯郸路10号8号楼212室
上海保聚丰信息科技有限公司,上海市杨浦区杨树浦路2300号2层二区B01-58室
上海在田环境科技有限公司,上海市杨浦区国定路335号12001-10室
上海乾康医疗设备股份有限公司,上海市平凉路988号3号楼201-202室
上海合墨数据科技有限公司,上海市杨浦区国定路323号3层(集中登记地)
丁满信息科技（上海）有限公司,上海市杨浦区伟德路6号503-2室
上海同化新材料科技有限公司,上海市杨浦区政高路77号1507室
上海车赢信息技术有限公司,上海市杨浦区国泰路11号1层展示厅A259室
上海卓悠网络科技有限公司,上海市杨浦区铁岭路32号1653室
上海新积域信息技术服务有限公司,上海市杨浦区包头路1135弄3号2038室
上海悉德信息科技有限公司,上海市杨浦区长阳路1687号东1050幢(3号楼)3201室
上海浩霖汇信息科技有限公司,上海市杨浦区国通路127号16层(集中登记地)
上海锐测电子科技有限公司,上海市杨浦区翔殷路128号11号楼B座230室
上海舜源计算机科技股份有限公司,上海市杨浦区国通路127号1101-2室
上海硕物天成信息科技有限公司,上海市杨浦区国定东路275-8号516室
上海泰坦通信工程有限公司,上海市杨浦区国京路51号8号楼103室
上海英檬科技有限公司,上海市杨浦区国通路127号16层(集中登记地)
上海三利数字技术有限公司,上海市杨浦区伟德路6号1302-8室
上海全晓信息技术有限公司,上海市杨浦区四平路1779号二层2001室
上海沪景信息科技有限公司,上海市杨浦区国泰路127弄1号三层(集中登记地)
上海仙草堂生物科技有限公司,上海市杨浦区锦西路69号306A3室
上海恒健生物技术有限公司,上海市杨浦区国权路43号408、409、410室
上海奥希斯环保技术有限公司,上海市杨浦区黄兴路2005弄2号(B楼)507-6室
上海傲鲨智能科技有限公司,上海市杨浦区邯郸路10号6号楼109室
上海数才网络科技有限公司,上海市杨浦区翔殷路999号16幢二层230室
上海智容睿盛智能科技有限公司,上海市杨浦区国康路100号1202O室
上海亿位信息技术有限公司,上海市杨浦区国定路323号1001-60室
上海研客信息科技有限公司,上海市杨浦区国定路323号901-137室
上海双湖信息科技有限公司,上海市杨浦区隆昌路619号2号楼A23室
上海不懂网络科技有限公司,上海市杨浦区国泰路11号1层展示厅B124室
上海同济学士信息系统有限公司,上海市杨浦区铁岭路32号1416-1室
上海洲邦信息科技有限公司,上海市杨浦区军工路1599号1幢5层(集中登记地)
上海星屋网络科技有限公司,上海市杨浦区周家嘴路3255号9楼(集中登记地)
经数（上海）信息科技有限公司,上海市杨浦区武东路198号608-12室
绵津环保科技（上海）有限公司,上海市杨浦区国定路323号802-34室
上海点正互联网科技有限公司,上海市杨浦区伟德路6号803-10室
上海梨威机械设备有限公司,上海市杨浦区国宾路36号1301室
上海水源地建设发展有限公司,上海市杨浦区中山北二路1121号113B室
上海同磊土木工程技术有限公司,上海市杨浦区黄兴路1599号1602室
上海震渊信息技术有限公司,上海市杨浦区淞沪路270号地下一层02-32室
上海辰智商务信息咨询有限公司,上海市杨浦区黄兴路2005弄2号(B楼)1507室
上海康路联医疗科技有限公司,上海市杨浦区政府路18号14楼1403室
上海纽视网络科技有限公司,上海市杨浦区国定路323号1102-112室
若瑞（上海）文化科技有限公司,上海市杨浦区军工路1436号64幢一层B135室
上海慧之建建设顾问有限公司,上海市杨浦区黄兴路221号C座(7幢)203室
上海鹏达计算机系统开发有限公司,上海市杨浦区国定路335号2号楼1802-3室
上海同豪土木工程咨询有限公司,上海市杨浦区赤峰路63号31幢1701-1704室
上海博暄能源科技有限公司,上海市杨浦区杨树浦路2300号4B层B05-18室
上海得高实业有限公司,上海市杨浦区国定路323号801-51室
上海乐配信息科技有限公司,上海市杨浦区黄兴路2077号701室
上海惠丰安诚能源科技有限公司,上海市杨浦区国定路323号801-72室
上海同济普兰德生物质能股份有限公司,上海市杨浦区国康路100号201室
上海蒂锦特环保科技有限公司,上海市杨浦区国定路323号3层(集中登记地)
上海铭剑电子科技有限公司,上海市杨浦区翔殷路128号12号楼一楼A座104室
上海含山瓷业有限公司,上海含山瓷业有限公司
上海宇桓信息系统有限公司,上海市杨浦区四平路1063号1808室
上海胧爱信息科技有限公司,上海市杨浦区国定路323号901-18室
上海神添实业有限公司,上海市杨浦区民京路846号
迈容智能科技（上海）有限公司,上海市杨浦区邯郸路10号8号楼309室
上海中溢精准医疗科技有限公司,上海市杨浦区铁岭路32号1517-2室
上海奥思特康复辅具有限公司,上海市杨浦区国定路335号5010-6室
上海驰亚信息技术有限公司,上海市杨浦区国定路323号601-6室
上海靠铺网络科技有限公司,上海市杨浦区国和路465号(集中登记地)
上海少立教育科技有限公司,上海市杨浦区中山北二路1121号同济科技大厦702室
上海益客电子商务有限公司,上海市杨浦区国定东路275-8号1108室
上海依科绿色工程有限公司,上海市杨浦区国泰路11号1608室
上海昌泰求实电力新技术股份有限公司,上海市杨浦区政通路100弄11号(集中登记地)
链韵物流科技（上海）有限公司,上海市杨浦区国泰路127弄1号三层(集中登记地)
上海比东电子科技有限公司,上海市杨浦区国权北路1688弄68号202002室
上海锐明轨交设备有限公司,上海市杨浦区伟德路6号1003-13室
博莹信息科技（上海）有限公司,上海市杨浦区武东路198号602-15室
上海瑞昌股金宝信息技术服务有限公司,上海市杨浦区宁武路269号1号楼332室
上海挚锦科技有限公司,上海市杨浦区周家嘴路3255号9楼(集中登记地)
上海莘越软件科技有限公司,上海市杨浦区隆昌路619号356幢BB01室
上海麒至智能科技有限公司,上海市杨浦区国康路100号1301K室
上海君能能源科技有限公司,上海市杨浦区国通路127号16层(集中登记地)
毕马智能科技（上海）有限公司,上海市杨浦区国权路108号7层709-710室
上海巨鲲科技有限公司,上海市杨浦区隆昌路588_1号26楼2606-88室
上海科得威船舶技术工程有限公司,上海市杨浦区波阳路16号12号楼(四层)4008室
耦合网络科技（上海）有限公司,上海市杨浦区延吉中路77号308-A11室
上海视界纵横智能科技有限公司,上海市杨浦区军工路1599号1幢5层(集中登记地)
上海迪洲船用厨房设备有限公司,上海市杨浦区翔殷路128号11号楼110-3室
上海信及光子集成技术有限公司,上海市杨浦区逸仙路135号1幢401室
上海赫禾汽车服务有限公司,上海市杨浦区长阳路1616号1幢1层A区(集中登记地)
上海云勤信息科技有限公司,上海市杨浦区铁岭路32号16层1620室
上海源天软件有限公司,上海市杨浦区国定路323号1001-3室
上海铭垚信息科技有限公司,上海市杨浦区政通路100弄11号(集中登记地)
上海万狮环保科技有限公司,上海市杨浦区国权北路1688弄53号404-1室
上海维启软件科技有限公司,上海市杨浦区国定路323号1102-50室
上海万方数据有限公司,上海市杨浦区国和路36号B楼214室
上海教育软件发展有限公司,上海市杨浦区阜新路25号
上海怡口环保设备有限公司,上海市杨浦区国定路323号3层(集中登记地)
冷丘（上海）物联网科技有限公司,上海市杨浦区政高路77号1301室
上海核峰工程有限公司,上海市杨浦区黄兴路1800号606室
根视科技（上海）有限公司,上海市杨浦区淞沪路98号1403室
上海泰誉节能环保科技有限公司,上海市杨浦区国定路323号402-31室
上海宝业机电科技有限公司,上海市邯郸路98号(无锡大厦)甲楼601室
上海鼎格信息科技有限公司,上海市杨浦区黄兴路2005弄2号(B楼)704-10室
伊士通（上海）医疗器械有限公司,"上海市杨浦区包头路1135弄2号一层101室,二层2003室"
上海师悦信息科技有限公司,上海市杨浦区国定路323号602-57室
上海畅容信息科技有限公司,上海市杨浦区黄兴路2005弄2号(B楼)702室
译筑信息科技（上海）有限公司,上海市杨浦区延吉中路77号401-B3室
上海今点软件有限公司,上海市杨浦区国定路335号11008-3室
上海蛮啾网络科技有限公司,上海市杨浦区国定支路26号3150室
上海朗诗规划建筑设计有限公司,上海市杨浦区国康路100号1107室
上海学悦教育培训有限公司,上海市杨浦区政益路8号907、908、909室
上海坤仪金科信息技术有限公司,上海市杨浦区伟德路6号803-6室
盖勒普工程咨询（上海）有限公司,上海市杨浦区黄兴路1800号1501室
上海理鑫光学科技有限公司,上海市杨浦区国定东路200号4幢510-4室
上海点对点科技有限公司,上海市杨浦区国康路100号2层(集中登记地)
上海君昇电子信息工程有限公司,上海市杨浦区周家嘴路3255号9楼(集中登记地)
上海泰大建筑科技有限公司,上海市杨浦区四平路1063号608室
上海汉升电源系统有限公司,上海市杨浦区齐齐哈尔路76号30幢底楼101室
上海达琪智能科技有限公司,上海市杨浦区翔殷路128号6号楼2层(集中登记地)
上海思瑞在线监测技术有限公司,上海市杨浦区国定路323号301-23室
谷泰信息科技（上海）有限公司,上海市杨浦区军工路100号380幢(集中登记地)
上海忱工物联网科技有限公司,上海市杨浦区逸仙路135号一幢301-18室
上海集研机电股份有限公司,上海市杨浦区黄兴路2005弄2号(B楼)401-5室
上海晓筑教育科技有限公司,上海市杨浦区翔殷路128号12号楼一层A109室
上海华励振环保科技有限公司,上海市杨浦区中山北二路1121号210E室
上海昌华信息技术有限公司,上海市杨浦区黄兴路2005弄2号(B楼)506-25室
上海云瀚科技股份有限公司,上海市杨浦区国权北路1688弄68号203室
上海冠闵信息科技有限公司,上海市杨浦区军工路1076号031幢A78室
上海智勘科技有限公司,上海市杨浦区杭州路741号6幢106室
上海掌数科技有限公司,上海市杨浦区隆昌路588号3号楼308室(集中登记地)
上海安威消防技术工程有限公司,上海市杨浦区国定路323号602-14室
元林（上海）新材料科技有限公司,上海市杨浦区国定路323号3层(集中登记地)
上海世渊环保科技有限公司,上海市杨浦区赤峰路65号同济科技园2号楼109室
上海浦昊节能环保科技有限公司,上海市杨浦区国定路323号1002-55室
上海嘉益电器设备有限公司,上海市杨浦区军工路1436号64幢二层B座289室
上海卡珀林智能科技有限公司,上海市杨浦区国康路100号2层(集中登记地)
上海笃胜信息科技有限公司,上海市杨浦区国定东路200号5幢1008室
上海鑫数健康科技有限公司,上海市杨浦区国权北路1688弄38号6楼605室
百维金科（上海）信息科技有限公司,上海市杨浦区翔殷路165号B区206-10室
上海初盟教育科技股份有限公司,上海市杨浦区国定路335号2401室
德欧机械设备（上海）有限公司,上海市杨浦区翔殷路115弄3号03幢104室
赢富仪器科技（上海）有限公司,上海市杨浦区隆昌路619号356幢AB08室
上海上缆神舟线缆有限公司,上海市杨浦区军工路1076号
上海知言网络科技有限公司,上海市杨浦区武东路198号1209-1室
上海凌逍环保科技有限公司,上海市杨浦区国宾路18号1501G-7室
上海凌世电磁技术有限公司,上海市杨浦区平凉路2716号28幢106室
上海狮王黄金有限责任公司,上海市杨浦区锦西路69号106室F2
上海诺耳信息技术有限公司,上海市杨浦区国通路127号501-8室
上海吾励环境技术有限公司,上海市杨浦区逸仙路25号2层(集中登记地)
上海德瑞斯华海船用设备有限公司,上海市杨浦区周家嘴路3255号17楼
上海敏识网络科技有限公司,上海市杨浦区伟德路6号1306-18室
上海迦倍机电科技有限公司,上海市杨浦区国定东路200号3号楼105-1室
普奥云洲智能科技（上海）有限公司,上海市杨浦区邯郸路10号7号楼203室
上海迦锐自动化检测科技有限公司,上海市杨浦区民京路853号1幢2243室
七次方家用电器（上海）有限公司,上海市杨浦区周家嘴路3255号708室
上海众毅工业控制技术有限公司,上海市杨浦区许昌路230号
尖刀视智能科技（上海）有限公司,上海市杨浦区隆昌路588_1号25楼2507-28室
上海群济电子科技有限公司,上海市杨浦区国泰路11号1层展示厅A210室
上海担路网络科技有限公司,上海市杨浦区赤峰路65号4号楼264室
上海有旺信息科技有限公司,上海市杨浦区国泰路127弄1号三层(集中登记地)
上海趋研信息科技有限公司,上海市杨浦区国泰路127弄11号1层展示厅A232室
上海同华建筑规划设计有限公司,上海市杨浦区赤峰路63号31幢1904室
上海材九科技有限公司,上海市杨浦区黎平路2号17幢
上海晰图信息科技有限公司,上海市杨浦区国通路127号16层(集中登记地)
上海听到了互联网科技有限公司,上海市杨浦区国通路127号16层(集中登记地)
上海乐春重工机电设备有限公司,上海市杨浦区国伟路139弄2号101-1室
上海复尧计算机科技有限公司,上海市杨浦区国定路335号8010-4室
上海肩并肩电子科技有限公司,上海市杨浦区国定东路200号2幢402-1室
上海雅科生物科技有限公司,上海市杨浦区国通路127号901-53室
上海嘉善网络科技有限公司,上海市杨浦区长阳路1687号东4号楼4401室
隐木（上海）科技有限公司,上海市杨浦区伟德路6号1005-3室
上海申欣优达环保科技有限公司,上海市杨浦区军工路100号128幢108-109室
上海融为信息科技有限公司,上海市杨浦区民京路853号2幢2029室
上海正宵实业有限公司,上海市杨浦区控江路1142号23幢4楼(集中登记地)
上海同济教育发展有限公司,上海市杨浦区国康路100号2层(集中登记地)
上海呼啦啦教育科技有限公司,上海市杨浦区长阳路1687号西1168幢(C楼)C3101室
欧泰普（上海）科技有限公司,上海市杨浦区国和路60号(集中登记地)
上海科越信息技术股份有限公司,上海市杨浦区平凉路1000号2楼201室
上海坤福生物科技有限公司,上海市杨浦区国泰路11号1103室
上海轩辕展览服务有限公司,上海市杨浦区翔殷路128号11号楼C座232室
万蚓网络科技（上海）有限公司,上海市杨浦区长阳路2588号2幢2层(集中登记地)
上海普力通新材料科技有限公司,上海市杨浦区国伟路135号6幢5层
上海五角场环保科技有限责任公司,上海市杨浦区国伟路135号3幢538室
上海鑫雁微电子股份有限公司,上海市杨浦区武东路198号1210-11室
上海众视数字科技有限公司,上海市杨浦区腾越路465弄11号二层206室D
考伊斯消防设备（上海）有限公司,上海市杨浦区军工路334号7号楼302-6室
上海奇初教育科技有限公司,上海市杨浦区平凉路909弄1号304室
上海六通信息科技有限公司,上海市杨浦区翔殷路128号11号楼101-2室
上海航翼高新技术发展研究院有限公司,上海市杨浦区政高路218号第一、二、三、四、六层
上海辛玮智能科技有限公司,上海市杨浦区铁岭路38号1层(集中登记地)
上海易正软件技术服务有限公司,上海市杨浦区国定路323号1101-120室
上海其高电子科技有限公司,上海市杨浦区隆昌路619号2号楼C03室
上海徽海化工科技有限公司,上海市杨浦区翔殷路128号6号楼202室
上海卓建科技有限公司,上海市杨浦区军工路1436号64幢一层B138室
上海联泉智能科技有限公司,上海市杨浦区国康路100号802Q室
上海鲲鹏仁达文化传播有限公司,上海市杨浦区邯郸路10号3号楼201室
上海博康智能信息技术有限公司,上海市杨浦区国宾路18号1501E-18室
上海毓见教育科技有限公司,上海市杨浦区逸仙路205号1幢1906室
上海同普电力技术有限公司,上海市杨浦区赤峰路65号3号楼134室
上海同璞环保科技有限公司,上海同璞环保科技有限公司
上海杉数网络科技有限公司,上海市杨浦区邯郸路10号5号楼109室
玖口袋新材料（上海）有限公司,上海市杨浦区国泰路11号1层展示厅A116室
上海子征环保科技有限公司,上海市杨浦区逸仙路25号307R室
上海睿励信息技术有限公司,上海市杨浦区铁岭路32号602-1室
上海信昊信息科技有限公司,上海市杨浦区伟德路6号1202-6室
跃橙企业服务外包（上海）有限公司,上海市杨浦区伟德路6号506-5室
上海阳光互联信息科技有限公司,上海市杨浦区国定路323号1201-2室
上海英莱盾生物技术有限公司,上海市杨浦区军工路1599号1幢5层(集中登记地)
上海孚典智能科技有限公司,上海市杨浦区国定路323号801-15室
上海加糖科技有限公司,上海市杨浦区抚顺路360号(集中登记地)
上海哲寻信息科技有限公司,上海市杨浦区国权北路1688弄78号1303室
上海欧麒瑞信息技术有限公司,上海市杨浦区国泰路11号1层展示厅A200室
上海墨珩网络科技有限公司,上海市杨浦区国定路323号3层(集中登记地)
上海网杉信息技术有限公司,上海市杨浦区黄兴路221号7幢C1401室
上海胖猫链享科技有限公司,上海市杨浦区国和路60号(集中登记地)
上海德吾信息科技有限公司,上海市杨浦区控江路1142号23幢4楼(集中登记地)
上海探真激光技术有限公司,上海市杨浦区军工路1076号511幢
上海众装网络科技有限公司,上海市杨浦区民京路853号1幢4123室
上海英斯泊物联网有限公司,上海市杨浦区长阳路1568号308幢102室
上海浩顺科技有限公司,上海市控江路1555号B座3楼
上海考斯信息技术有限公司,上海市杨浦区国通路127号16层(集中登记地)
上海毅帆环保科技有限公司,上海市杨浦区国定路323号3层(集中登记地)
阳光城集团上海信息科技有限公司,上海市杨浦区军工路1436号64幢一层J120室
上海储翔信息科技有限公司,上海市杨浦区长阳路1687号西1号楼210室
上海赛克力光电技术有限责任公司,军工路1000号
上海金驰信息科技发展有限公司,上海市国泰路127弄(复旦科技园1号楼212室)
上海久页信息科技有限公司,上海市杨浦区隆昌路619号13号楼D01室(对应产证305幢D01室)
上海锐势机器视觉科技有限公司,上海市杨浦区翔殷路999号30幢306室
上海春雨自动化设备防护技术有限公司,上海市杨浦区国泰路11号1层展示厅A214室
上海塔兰行智能科技有限公司,上海市杨浦区翔殷路128号6号楼2层(集中登记地)
上海享誉智能科技有限公司,上海市杨浦区隆昌路588_2号2301-2303室(集中登记地)
上海皿鎏数字科技有限公司,上海市杨浦区大连路688号301、302、303、304室
上海麟科电子科技有限责任公司,上海市杨浦区国定路323号302-37室
上海华驿汽车技术有限公司,上海市杨浦区黄兴路156号102室-7
上海中屹电器设备有限公司,上海市杨浦区民京路853号6幢317室
上海复醒网络科技有限公司,上海市杨浦区国定路335号2号楼2310室
植适美（上海）医疗科技有限公司,上海市杨浦区武东路198号905-2室
上海阿法析地数据科技有限公司,上海市杨浦区怀德路399号(集中登记地)
上海松欣智能科技有限公司,上海市杨浦区军工路1599号1幢5层(集中登记地)
上海华严检测技术有限公司,上海市杨浦区隆昌路210号2幢C401-403室
上海数设科技有限公司,上海市杨浦区国泰路11号1层展示厅A153
上海思达分析仪器股份有限公司,上海市杨浦区军工路1300号11幢101-1室
上海瓯洋海上风电科技股份有限公司,上海市杨浦区国和路60号
上海元素之光照明科技有限公司,上海市杨浦区国康路100号2层(集中登记地)
上海瑞亚安环保设备有限公司,上海市杨浦区昆明路739号2104室
上海三爱思试剂有限公司,杨浦区军工路2588号
上海正合奇胜信息科技有限公司,上海市国定路335号8009A室
上海永大环保科技有限公司,上海市杨浦区国定路335号2号楼1511-1室
上海济子医药科技有限公司,上海市杨浦区赤峰路65号同济科技园2号楼212A室
上海智兔电子科技有限公司,上海市杨浦区国定路323号3层(集中登记地)
上海益跬尔生物科技有限公司,上海市杨浦区四平路1779号2层2025室
上海博豪信息科技有限公司,上海市杨浦区武东路198号1304-2室
上海中交水运设计研究有限公司,上海市杨浦区国庠路100号
上海庞科环境技术有限公司,上海市杨浦区国泰路127弄1号三层(集中登记地)
上海百济环保科技有限公司,上海市杨浦区逸仙路25号2层(集中登记地)
上海普欣生物技术有限公司,上海市杨浦区国泰路127弄1号楼1070室(复旦科技园)
蓝莘环境检测技术（上海）有限公司,上海市杨浦区军工路100号120幢A34室
上海复佳信息科技有限公司,上海市杨浦区国泰路127弄1号楼3楼1331室
上海棋魂智能科技有限公司,上海市杨浦区国泰路127弄1号三层(集中登记地)
上海易慕网络科技有限公司,上海市杨浦区长阳路1616号1幢657室
上海颐本信息科技有限公司,上海市杨浦区杨树浦路2300号1B层A03-20室
上海申环环境工程有限公司,上海市杨浦区中山北二路901号1号楼10楼
上海晶鼎光电科技有限公司,上海市杨浦区国定路323号3层(集中登记地)
上海汇和信息技术有限公司,上海市杨浦区铁岭路38号1层(集中登记地)
上海富发环保科技有限公司,上海市杨浦区国和路36号15幢3111室
上海材赋信息科技有限公司,上海市杨浦区控江路1500弄3号一层(半地下室)3R56室
上海睿度光电科技有限公司,上海市杨浦区翔殷路128号11号楼B座328室
中冶建筑研究总院（上海）有限公司,上海市杨浦区国权路43号1212室
上海爱姆森医疗科技发展有限公司,上海市杨浦区翔殷路128号5号楼209室
上海硕富码网络科技有限公司,上海市杨浦区隆昌路619号2号楼B17室
上海协济科技有限公司,上海市杨浦区翔殷路165号B区二楼206-9室
上海申米信息技术有限公司,上海市杨浦区长阳路2588号310室
源目标信息科技（上海）有限公司,上海市杨浦区长阳路1687号西1160幢(1号楼)1206室
上海雁展移动科技有限公司,上海市杨浦区国和路60号(集中登记地)
小圾（上海）环保科技有限公司,上海市杨浦区长阳路1687号西1150幢(7号楼)7220室
上海柯橙信息技术有限公司,上海市杨浦区霍山路398号12层08室
上海美汇电子科技有限公司,上海市杨浦区国定路335号5001-6室
上海慧水科技有限公司,上海市杨浦区中山北二路1121号309A室
上海硕苗信息科技有限公司,上海市杨浦区中山北二路1121号205E室
上海海普环境设备有限公司,上海市杨浦区翔殷路128号11号楼D座204-2室
上海嘉园环保科技有限公司,上海市杨浦区国定路335号6002-8室
上海虎焊汽车科技有限公司,上海市杨浦区国定路323号1102-84室
上海艾斯贝斯建筑规划设计有限公司,上海市杨浦区昆明路640号2幢201室
上海宽腾电子科技有限公司,上海市杨浦区国泰路127弄1号三层(集中登记地)
上海欧萨数据技术有限公司,上海市杨浦区四平路1188号1304室
蒽帛物联网科技（上海）有限公司,上海市杨浦区控江路1142号23幢4楼(集中登记地)
上海枢源节能科技有限公司,上海市杨浦区国康路100号1203D室
上海易班企业发展有限公司,上海市杨浦区国顺路288号
上海城诗信息科技有限公司,上海市杨浦区政学路77号一层102室
上海复园电子科技有限公司,上海市杨浦区国定路335号2007-2室
榕荟智能信息科技（上海）有限公司,上海市杨浦区殷行路833号3夹层(集中登记地)
上海兽鸟智能科技有限公司,上海市杨浦区恒仁路350号一层(集中登记地)
上海创豆科技有限公司,上海市杨浦区国康路100号2层(集中登记地)
上海臻一信息技术有限公司,上海市杨浦区武东路198号901-3室
上海心尔物联网科技有限公司,上海市杨浦区杨树浦路2300号一楼(集中登记地)
上海因恒工程技术有限公司,上海市杨浦区国和路60号(集中登记地)
上海天辰现代环境技术有限公司,上海市杨浦区平凉路2103号65幢229室
上海济辰水数字科技有限公司,上海市杨浦区国康路100号1002T室
上海有思文化传媒有限公司,上海市杨浦区国康路100号1002M室
上海北风教育培训有限公司,上海市杨浦区凤城路101号A幢8楼
上海经天新材料科技有限公司,上海市杨浦区赤峰路65号同济科技园2号楼106室
上海炬宏信息技术有限公司,上海市杨浦区国通路127号1101-47室
上海复杭投资有限公司,上海市杨浦区国泰路11号1层展示厅A237室
上海怀图网络科技有限公司,上海市杨浦区长阳路2588号2幢2楼(集中登记地)
上海再灵信息科技有限公司,上海市杨浦区国泰路127弄1号三层(集中登记地)
上海剀蕊得信息科技有限公司,上海市杨浦区伟德路6号1005-13室
优网信息科技（上海）股份有限公司,上海市杨浦区黄兴路2005弄2号(B)楼1211室
亨派建筑设计咨询（上海）有限公司,上海市杨浦区国通路127号1301-32室
上海樽尚会信息科技有限公司,上海市杨浦区伟德路6号901室
上海卫盾信息科技有限公司,上海市杨浦区国定路323号302-2室
上海烨煊信息技术有限公司,上海市杨浦区国定路335号13004B室
博仕瀚道（上海）信息科技有限公司,上海市杨浦区国定路323号1001-71室
上海源本食品质量检验有限公司,上海市杨浦区军工路100号126幢3118、3200室
上海火克新材料有限公司,上海市杨浦区国伟路135号5幢218室
上海栖星生态环境咨询有限公司,上海市杨浦区国定路323号3层(集中登记地)
上海飒一电控技术有限公司,上海市杨浦区周家嘴路2809号4幢307-1室
上海乐响网络科技发展有限公司,上海市杨浦区四平路1945号1646室
上海海顾新材料科技有限公司,上海市杨浦区国康路100号2层(集中登记地)
联润（上海）信息科技有限责任公司,上海市杨浦区国定路323号1001-23室
华平祥晟（上海）医疗科技有限公司,上海市杨浦区国权北路1688弄69号802室
上海析鲸信息科技有限公司,上海市杨浦区国泰路127弄1号三层(集中登记地)
优积建筑科技发展（上海）有限公司,上海市杨浦区国康路100号2层(集中登记地)
上海态特网络科技有限公司,上海市杨浦区国泰路127弄1号三层(集中登记地)
上海市政工程设计科学研究所有限公司,上海市杨浦区国康路3号
上海枫月网络科技有限公司,上海市杨浦区军工路1076号031幢A34室
预元岛（上海）教育科技有限公司,上海市杨浦区国定支路24号2002C室
迈济智能科技（上海）有限公司,上海市杨浦区国康路86号100幢301B
上海新声教育科技有限公司,上海市杨浦区国伟路135号3幢2楼319室
上海融宇信息技术有限公司,上海市杨浦区国康路100号2层(集中登记地)
上海佳长环保科技有限公司,上海市杨浦区国定路335号11006-3室
鑫火信息技术（上海）有限公司,上海市杨浦区国通路127号16层(集中登记地)
玑脉（上海）数据技术有限公司,上海市杨浦区国和路60号(集中登记地)
杰思敏（上海）信息科技有限公司,上海市杨浦区淞沪路234号2楼203A室
上海贤智教育科技有限公司,上海市杨浦区国定路323号801-14室
上海合旅建筑规划设计有限公司,上海市杨浦区国通路127号16层(集中登记地)
上海力本规划建筑设计有限公司,上海市杨浦区国康路86号100幢304D室
上海同及宝建设机器人有限公司,上海市杨浦区赤峰路65号同济科技园401室
上海日趋信息技术有限公司,上海市杨浦区逸仙路13号25幢1702J3室
上海汀树科技有限公司,上海市杨浦区翔殷路128号11号楼B座115室
上海维服信息技术有限公司,上海市杨浦区宁武路269号6号楼209室
上海蓝沃能源技术有限公司,上海市杨浦区国定路323号801-75室
上海云止科技有限公司,上海市杨浦区军工路1599号1幢5层(集中登记地)
芒刻信息科技（上海）有限公司,上海市杨浦区长阳路2588号2幢2楼(集中登记地)
上海颐库信息科技有限公司,上海市杨浦区国泰路11号1层展示厅A258室
上海净畅环境技术有限公司,上海市杨浦区国伟路135号4幢406室
上海红鲤计算机科技服务有限公司,上海市杨浦区铁岭路38号1层(集中登记地)
上海三点测绘科技有限公司,上海市杨浦区国康路86号100幢304A室
上海瑞炬环保科技有限公司,上海市杨浦区国权路43号2005、2006室
上海沁之岚环保科技有限公司,上海市杨浦区长阳路2588号2幢2楼(集中登记地)
上海高达星软件系统有限公司,上海市赤峰路65号(同济科技园大楼614V室)
上海领业建筑科技有限公司,上海市杨浦区国定路323号3层(集中登记地)
上海微抗电子技术有限公司,上海市杨浦区大学路302号601室
上海同科交通科技有限公司,上海市杨浦区中山北二路1121号2楼206B室
辛米尔视觉科技（上海）有限公司,上海市杨浦区武东路198号610-22室
光际科技（上海）有限公司,上海市杨浦区伟德路6号1004-21室
上海龙涤环保技术工程有限公司,上海市杨浦区许昌路676号3幢一层135室
上海基立讯信息科技有限公司,上海市国定路335号4003室
上海淇澳机电科技有限公司,上海市杨浦区赤峰路65号同济科技园2号楼203室
上海缔达生物科技有限公司,上海市杨浦区邯郸路8号1519号席位
上海左森智能科技有限公司,上海市杨浦区国定路323号3层(集中登记地)
擎声自动化科技（上海）有限公司,上海市杨浦区翔殷路128号12号楼一楼A座201室
上海积锐智能科技有限公司,上海市杨浦区伟德路6号1007室
上海兮易网络科技有限公司,上海市杨浦区国安路386号302-1室
上海维启信息技术有限公司,上海市杨浦区国定路323号301-6室
上海云瓣信息科技有限公司,上海市杨浦区杨树浦路2300号2层一区B01-10室
太湖慧云数字科技（上海）有限公司,上海市杨浦区翔殷路128号6号楼2层(集中登记地)
上海众应信息科技有限公司,上海市杨浦区翔殷路128号6号楼2层(集中登记地)
上海捌加壹医药科技有限公司,上海市杨浦区国通路118号1901室
上海布眼人工智能科技有限公司,上海市杨浦区国权北路1688弄78号1403C
上海铠盾科技有限公司,上海市杨浦区国定路335号2号楼1004-1室
上海儒竞电控技术有限公司,上海市杨浦区国权北路1688弄75号1201A室
上海净梧新材料科技有限公司,上海市杨浦区国康路100号1204W室
上海镱可思多媒体科技有限公司,上海市杨浦区国定路323号701-24室
上海易钧信息技术有限公司,上海市杨浦区逸仙路25号309J室
上海翔盛悦信息技术有限公司,上海市杨浦区隆昌路619号8号楼北区C02室(对应产证323幢)
上海睿杰仕信息技术有限公司,上海市杨浦区国定路323号602-9室
上海旭立信息技术有限公司,上海市杨浦区伟德路6号1207-8室
上海启高信息科技有限公司,上海市杨浦区贵阳路398号5楼(集中登记地)
上海擎动信息科技有限公司,上海市杨浦区黄兴路2005弄409-12室
上海京德电气有限公司,上海市杨浦区翔殷路128号11号楼A座211-01室
上海坤迪软件技术有限公司,上海市杨浦区杨树浦路2300号2层二区A01-02室
上海谢亿民结构设计事务所有限公司,上海市杨浦区平凉路2103号65幢304室
上海蓝盟信息技术有限公司,上海市杨浦区国定路323号1102-82室
上海瑞洋生物科技有限公司,上海市杨浦区黄兴路1800号910室
上海英众建筑科技有限公司,上海市杨浦区周家嘴路3255号9楼(集中登记地)
上海复策数据科技有限公司,上海市杨浦区国通路127号16层(集中登记地)
穆辰自动化控制系统（上海）有限公司,上海市杨浦区长阳路2588号2幢907-1室
上海凯萌电子科技有限公司,上海市杨浦区国伟路135号5幢406室
上海合煌能源科技有限公司,上海市杨浦区国定东路275-8号1310室
暖流信息科技（上海）有限公司,上海市杨浦区军工路1076号031幢A70室
上海恒济智能控制系统有限公司,上海市杨浦区赤峰路65号4号楼173室
上海百怡健康管理咨询有限公司,上海市杨浦区隆昌路210号1幢A区203室
上海申茂旅游发展有限公司,上海市杨浦区平凉路1398号708室
上海轻墨信息科技有限公司,上海市杨浦区隆昌路588_1号26楼2603-50室
上海芒橘信息技术有限公司,上海市杨浦区隆昌路588_1号26楼2603-32室
上海宝霆智能科技有限公司,上海市杨浦区翔殷路81-1号2幢103室
谷趣（上海）信息科技有限公司,上海市杨浦区国通路127号16层(集中登记地)
上海优泓信息技术有限公司,上海市杨浦区控江七村61号172幢223室
玖青新材料科技（上海）有限公司,上海市杨浦区中山北二路1121号307A室
上海有倕信息科技有限公司,上海市杨浦区国康路100号2层(集中登记地)
上海墨之谷科技发展有限公司,上海市杨浦区国通路127号16层(集中登记地)
上海环科淙达水务有限公司,上海市杨浦区国权路43号902室
上海妆尚生物科技有限公司,上海市杨浦区国权北路1688弄52号601室
奥思特甲医疗科技（上海）有限公司,上海市杨浦区国定路335号2号楼2202室
上海聚鑫节能工程科技有限公司,上海市杨浦区宁武路269号1号楼303室
上海泰晟电子科技发展有限公司,上海市杨浦区平凉路1730号2B107室
上海驿点汽车科技有限公司,上海市杨浦区国定路323号3层(集中登记地)
上海龙诚自动化系统有限公司,上海市杨浦区中山北二路1121号4楼4A22室
岱特智能科技（上海）有限公司,上海市杨浦区国泰路127弄1号三层(集中登记地)
上海优墨信息科技有限公司,上海市杨浦区国泰路127弄1号三层(集中登记地)
欧合教育科技（上海）有限公司,上海市杨浦区国安路758弄49号504室
上海仪酷智能科技有限公司,上海市杨浦区杨树浦路2300号一楼(集中登记地)
上海术源信息科技有限公司,上海市杨浦区杨树浦路2300号4A层B01-7室
上海瞻越智能科技有限公司,上海市杨浦区隆昌路588_1号26楼2606-11室
上海同迹生物科技有限公司,上海市杨浦区逸仙路25号2层(集中登记地)
上海净畅检测科技有限公司,上海市杨浦区国伟路135号4幢408室
上海鹰高无线通信技术有限公司,上海市杨浦区国权北路1688弄68号201008室
心活人工智能科技（上海）有限公司,上海市杨浦区国泰路127弄1号三层(集中登记地)
上海云剑信息技术有限公司,上海市杨浦区国定路323号1001-11室
上海响趣信息科技有限公司,上海市杨浦区国定东路200号2幢204-8室
上海旦成信息科技有限公司,上海市杨浦区国定路323号602-62室
上海动擎文化传播有限公司,上海市杨浦区许昌路1212号104室
上海瑞业自动化有限公司,上海市杨浦区扬州路464号4幢3号楼405室
码赫镭（上海）数字科技有限公司,上海市杨浦区翔殷路165号B区二楼206室-5
上海移数通电讯有限公司,上海市杨浦区赤峰路63号院23号楼510-1室
上海傅灯信息科技有限公司,上海市杨浦区杨树浦路2300号1B层A03-31室
上海仁车相随信息科技有限公司,上海市杨浦区国定支路26号3171室
上海大和新材料科技有限公司,上海市杨浦区平凉路988号2号楼8F
上海西太智能科技有限公司,上海市杨浦区杨树浦路2300号一楼(集中登记地)
上海远哈信息技术有限公司,上海市杨浦区控江路2063号609室
汉蕴华风（上海）环保科技有限公司,上海市杨浦区杨树浦路2300号4A层A12-49室
上海吉尤环保科技有限公司,上海市杨浦区国定路335号1712室
泰影（上海）电子科技有限公司,上海市杨浦区国泰路127弄1号三层(集中登记地)
橙河微系统科技（上海）有限公司,上海市杨浦区国权北路1688弄80号701-2室
上海翼影信息技术有限公司,上海市杨浦区国定路323号3层(集中登记地)
上海统维信息技术有限公司,上海市杨浦区国泰路11号1层展示厅A239室
上海普瑞森新空间设计有限公司,上海市杨浦区平凉路1055号F-32
上海缆新信息技术有限公司,上海市杨浦区军工路1000号51幢604室
上海源珅多媒体有限公司,上海市赤峰路65号同济科技园902-58室
上海综成物流设备有限公司,上海市杨浦区隆昌路619号2号楼C16室
上海农园绿色工程有限公司,上海市杨浦区国定路335号
上海三火文化传媒有限公司,上海市杨浦区平凉路1055号三楼D6-37
上海亦构创意设计有限公司,上海市杨浦区许昌路1150号458室
上海宝珏信息技术有限公司,上海市杨浦区国定路335号2号楼1112-1室
上海庭赫信息科技有限公司,上海市杨浦区翔殷路165号B区211-11室
上海微谱信息技术有限公司,上海市杨浦区邯郸路100号61号楼131室
上海创化材料科技有限公司,上海市杨浦区国康路100号2层(集中登记地)
上海仁端网络科技有限公司,上海市杨浦区周家嘴路3255号505室-48
上海术鼎科技发展有限公司,上海市杨浦区图们路6号902室
上海科佑企业发展有限公司,上海市杨浦区国定路323号302-20室
上海鼎声电子科技有限公司,上海市杨浦区国霞路258号313室
上海瓴高信息科技有限公司,上海市杨浦区大连路970号702室
上海语识信息技术有限公司,上海市杨浦区国康路100号2层(集中登记地)
上海佰盛金泽医药科技有限公司,上海市杨浦区国顺东路19号1106室
上海瑞圣生物医学科技有限公司,上海市杨浦区周家嘴路2865-2号763幢101室
港中旅华贸（上海）信息科技有限公司,上海市杨浦区双阳路控江七村61号172幢207-3室
上海丞通网络科技有限公司,上海市杨浦区军工路318号7号楼二层(集中登记地)
上海济可佳精密技术有限公司,上海市杨浦区中山北二路1121号1401-C2室
上海盈竹信息科技有限公司,上海市杨浦区黄兴路2005弄2号(B楼)412-11室
诺亚阿客（上海）网络科技有限公司,上海市杨浦区控江路1142号23幢4楼(集中登记地)
上海酷盒信息技术有限公司,上海市杨浦区翔殷路128号11号楼105-5室
上海博睿泰和软件技术有限公司,上海市杨浦区国通路127号16层(集中登记地)
上海极道云计算科技有限公司,上海市杨浦区赤峰路65号3号楼202室
上海互软信息科技有限公司,上海市杨浦区控江路2061号6楼(集中登记地)
上海萌尔克文化传播有限公司,上海市杨浦区国定路200号4幢211-1室
舶乐蜜网络科技（上海）有限公司,上海市杨浦区通北路729号901-903室
古羊（上海）文化传播有限公司,上海市杨浦区恒仁路350号一层(集中登记地)
上海星韵信息科技有限公司,上海市杨浦区控江路2063号701-4室
上海宽庭建筑科技有限公司,上海市杨浦区国定支路26号3326室
上海沁聚环保设备有限公司,上海市杨浦区国康路100号2层(集中登记地)
满江（上海）软件科技有限公司,上海市杨浦区黄兴路2005弄2号楼801室
上海可集信息技术有限公司,上海市杨浦区长阳路2588号2幢2楼(集中登记地)
上海臻道软件技术有限公司,上海市杨浦区国定路323号1101-71室
美辰城市建设科技（上海）有限公司,上海市杨浦区国康路100号1302S室
上海盈诺精密仪器有限公司,上海市杨浦区翔殷路128号11号楼A座213-02室
上海歆广数据科技有限公司,上海市杨浦区国泰路127弄1号三层(集中登记地)
缺月智能科技（上海）有限公司,上海市杨浦区国权北路1688弄68号204007室
上海东音乐器有限公司,上海市杨浦区控江路1142号23幢3131-43室
天河智造（上海）工业自动化有限公司,上海市杨浦区军工路300号10号楼326A室
上海聚荐信息科技有限公司,上海市杨浦区隆昌路588_1号25楼2501-16室
上海昀丞网络科技有限公司,上海市杨浦区政府路18号6楼609室
上海源珂机电科技有限公司,上海市杨浦区翔殷路165号B区312-5室
上海科唯斯工程设计有限公司,上海市杨浦区黄兴路2005弄2号(B楼)512-2室
伽德钠节能系统（上海）有限公司,上海市杨浦区国康路100号1004G室
上海砹加加信息技术有限公司,上海市杨浦区国定路323号15层(集中登记地)
上海锐格软件有限公司,上海市杨浦区黄兴路2005弄2号1706-16室
上海鸿庭信息科技有限公司,上海市杨浦区军工路334号6号楼205-1室
上海昌亿网络技术有限公司,上海市杨浦区杭州路741号6幢126室
上海复客创云享信息科技有限公司,上海市杨浦区国宾路18号1501G-1室
上海今速物联网科技有限公司,上海市杨浦区长阳路2588号2幢2楼(集中登记地)
上海海仕环境科技咨询有限公司,上海市杨浦区隆昌路619号327幢110室
上海道兰新能源环保科技有限公司,上海市杨浦区逸仙路25号307J室
上海言蹊信息技术有限公司,上海市杨浦区国伟路135号3幢2楼362室
上海恒升摩尔智能交通科技有限公司,上海市杨浦区大连路990号1805室
上海勤易机电科技有限公司,上海市杨浦区逸仙路25号2层(集中登记地)
上海望及信息技术有限公司,上海市杨浦区军工路1599号1幢5层(集中登记地)
上海空间规划设计研究院有限公司,上海市杨浦区国泰路127弄复旦科技园2号楼4楼A05
上海足书信息科技有限公司,上海市杨浦区国定路323号1001-76室
上海缘翊科技发展有限公司,上海市杨浦区军工路334号6号楼二层(集中登记地)
上海莹净文化传播有限公司,上海市杨浦区国定路323号15层(集中登记地)
啊哎（上海）科技有限公司,上海市杨浦区国通路127号16层(集中登记地)
上海小川科技有限公司,上海市杨浦区国通路127号801-2室
上海虔创信息科技有限公司,上海市杨浦区隆昌路619号2号楼D23室
上海辰数信息技术有限公司,上海市杨浦区黄兴路2005弄2号(B楼)506-15室
上海万概网络科技有限公司,上海市杨浦区长阳路2588号2幢2楼(集中登记地)
上海申辰线缆设备有限公司,上海市杨浦区白城路42号底楼
上海礼芮行信息技术有限公司,上海市杨浦区民京路853号1幢3332室
上海奥墨数字科技有限公司,上海市杨浦区国定路323号3层(集中登记地)
上海青凤致远地球物理地质勘探科技有限公司,上海市杨浦区松花江路251弄1号701室
上海车榕弈数据科技有限公司,上海市杨浦区铁岭路32号1114-17室
上海黄龙信息技术有限公司,上海市杨浦区国定东路200号2幢208-5室
上海纽安数据服务有限公司,上海市杨浦区杨树浦路2300号3B层B02-33室
上海后米物联网技术有限公司,上海市杨浦区军工路1076号031幢A10室
上海轩昂医疗科技有限公司,上海市杨浦区国权北路1688弄80号202-7室
上海璃音网络科技有限公司,上海市杨浦区隆昌路588_1号26楼2606-78室
上海渔联网科技有限公司,上海市杨浦区逸仙路13号25幢1703E3室
上海深湖科技有限公司,上海市杨浦区国泰路127弄1号三层(集中登记地)
上海敏锐信息科技有限公司,上海市杨浦区平凉路2103号47幢125室
上海初阳信息科技有限公司,上海市杨浦区周家嘴路3805号2132室
上海虹驰通信工程有限公司,上海市杨浦区国定支路26号3154室
商安信（上海）征信有限公司,上海市杨浦区隆昌路588号3号楼308室(集中登记地)
上海盛空信息科技有限公司,上海市杨浦区国定路323号902-22室
上海星必光电科技有限公司,上海市杨浦区军工路1076号031幢B68室
燊赛（上海）智能科技有限公司,上海市杨浦区隆昌路588号3号楼308室(集中登记地)
上海宇极文化传播有限公司,上海市杨浦区国泰路127弄1号三层(集中登记地)
上海智育教育科技有限公司,上海市杨浦区隆昌路588_1号25楼2507-21室
上海卷石文化传媒有限公司,上海市杨浦区国康路100号2层(集中登记地)
上海博权汽车电子技术有限公司,上海市杨浦区军工路318号7号楼二层(集中登记地)
商应信息科技（上海）有限公司,上海市杨浦区隆昌路619号8号楼中区A05室
上海坤飒信息科技有限公司,上海市杨浦区国康路100号1203Q室
赫萝（上海）信息科技有限公司,上海市杨浦区国定路323号3层(集中登记地)
上海毅朝信息科技有限公司,上海市杨浦区国通路127号1301-30室
上海奔凝规划建筑设计有限公司,上海市杨浦区赤峰路65号同济科技园903-77室
上海艾弟尔数字科技有限公司,上海市杨浦区国定东路200号2幢604-4室
上海益水环保设备有限公司,上海市杨浦区平凉路207号3幢5楼528室
言颜信息科技（上海）有限公司,上海市杨浦区国泰路127弄1号三层(集中登记地)
上海世雨智能科技有限公司,上海市杨浦区国和路60号(集中登记地)
上海量铭电气科技有限公司,上海市杨浦区国定路323号902-32室
上海君石建筑工程咨询有限公司,上海市杨浦区中山北二路1121号105O室
上海闻政教育科技有限公司,上海市杨浦区周家嘴路3805号3057室
上海砺羽网络科技有限公司,上海市杨浦区抚顺路360号(集中登记地)
上海硅苑膜科技有限公司,上海市杨浦区国康路100号802P室
上海傲兰杰信息科技有限公司,上海市杨浦区国定路346号三楼0120室
上海蜂阁信息科技有限公司,上海市杨浦区国定路323号1001-140室
琅琛信息技术（上海）有限公司,上海市杨浦区国泰路127弄1号三层(集中登记地)
上海缮瓷文化发展有限公司,上海市杨浦区国泰路127弄1号三层(集中登记地)
上海爱又慧信息科技有限公司,上海市杨浦区四平路1779号1009室
上海广雾信息科技发展有限公司,上海市杨浦区国通路127号16层(集中登记地)
庚米科技（上海）有限公司,上海市杨浦区赤峰路65号1号楼312B室
上海汇感智能信息技术有限公司,上海市杨浦区国康路100号2层(集中登记地)
贝坦科技（上海）有限公司,上海市杨浦区国康路100号2层(集中登记地)
上海弈景信息科技有限公司,上海市杨浦区国定路323号3层(集中登记地)
畅医（上海）信息科技有限公司,上海市杨浦区隆昌路619号8号楼南区C03室
上海迅链软件技术有限公司,上海市杨浦区国康路100号2层(集中登记地)
墨班智能设备（上海）有限公司,上海市杨浦区翔殷路115弄2号02幢101室
上海美寻创意设计有限公司,上海市杨浦区国泰路127弄1号三层(集中登记地)
上海禹舜电气有限公司,上海市杨浦区长阳路2588号2幢605-4室
上海九思建筑设计事务所有限公司,上海市杨浦区通北路589号302室
上海埃音斯电子科技有限公司,上海市杨浦区周家嘴路3255号9楼(集中登记地)
上海弗华机电设备有限公司,上海市杨浦区平凉路2103号56幢437室
上海格欣信息技术有限公司,上海市杨浦区国定路323号3层(集中登记地)
上海展陆网络科技有限公司,上海市杨浦区翔殷路165号G区201-10室
盎通科技（上海）有限公司,上海市杨浦区国通路127号16层(集中登记地)
上海微城建筑规划设计有限公司,上海市杨浦区国宾路18号1201-C18室
上海麦风微波设备有限公司,上海市国定路335号2106-2室
上海聚隆生态科技有限公司,上海市杨浦区隆昌路588_1号20楼2002室
上海早励信息科技有限公司,上海市杨浦区黄兴路2005弄2号(B楼)405-9室
上海益络信息技术有限公司,上海市杨浦区伟德路6号1303-17室
上海海镕信息科技有限公司,上海市杨浦区国定支路28号3067室
上海纳东信息科技有限公司,上海市杨浦区武东路198号710-19室
盟智软件（上海）有限公司,上海市杨浦区四平路2500号22楼J11室
上海威阿智能科技有限公司,上海市杨浦区四平路2500号22楼H20室
芸点芸（上海）软件科技有限公司,上海市杨浦区隆昌路588_1号25楼2506-18室
上海乾康医疗科技有限公司,上海市杨浦区许昌路1150号382室
上海岚马克视觉科技有限公司,上海市杨浦区铁岭路38号1层(集中登记地)
上海智笔建筑科技有限公司,上海市杨浦区逸仙路25号1201、1202室
上海互关数据技术有限公司,上海市杨浦区军工路1436号64幢一层A129室
上海悟轻环保科技有限公司,上海市杨浦区许昌路1212号106室
上海半坡网络技术有限公司,上海市杨浦区国定路335号8005室
上海全正信息科技有限公司,上海市杨浦区抚顺路360号(集中登记地)
上海安智信息科技有限公司,上海市杨浦区国通路127号16层(集中登记地)
上海密石信息科技有限公司,上海市杨浦区军工路1599号1幢5层(集中登记地)
兴塔网络科技（上海）有限公司,上海市杨浦区国权北路1688弄80号204-4室
上海牛庄网络科技有限公司,上海市杨浦区国定路323号3层(集中登记地)
上海复敏科技有限公司,上海市杨浦区翔殷路165号9幢五层(集中登记地)
上海万麟文化传播有限公司,上海市杨浦区杨树浦路622号D座214室
上海达那斯物联网科技有限公司,上海市杨浦区逸仙路135号一幢301-10室
上海培云教育科技有限公司,上海市杨浦区国定路323号1001-165室
上海矩尺土木科技有限公司,上海市杨浦区国康路98号502室甲
上海首臻信息科技有限公司,上海市杨浦区翔殷路165号9幢五层(集中登记地)
海旭（上海）农业科技有限公司,上海市杨浦区军工路334号6号楼二层(集中登记地)
上海灏仁网络科技有限公司,上海市杨浦区国泰路127弄1号三层(集中登记地)
上海澄岳光电科技有限公司,上海市杨浦区军工路1076号031幢A73室
上海早见云数字科技有限公司,上海市杨浦区隆昌路588_1号26楼2601-48室
上海希调信息科技有限公司,上海市杨浦区杨树浦路2300号一楼(集中登记地)
上海深益信息科技有限公司,上海市杨浦区宁武路269号6号楼408室
上海尚象信息科技有限公司,上海市杨浦区国定路323号3层(集中登记地)
网波信息技术（上海）有限公司,上海市杨浦区逸仙路25号2层(集中登记地)
上海砼科科技有限公司,上海市杨浦区逸仙路25号2层(集中登记地)
上海科瑞漫拓信息技术有限公司,上海市杨浦区国通路127号1001-47室
上海英维亚安防科技有限公司,上海市杨浦区伟德路6号1207-6室
上海小猬科技有限公司,上海市杨浦区国康路100号2层(集中登记地)
上海摩鹰信息科技有限公司,上海市杨浦区国泰路127弄1号楼3楼1346室
上海创鸿文化传媒有限公司,上海市杨浦区延吉中路77号305-A1室
上海场帝网络科技有限公司,上海市杨浦区国泰路127弄1号三层(集中登记地)
上海泛创建筑规划设计有限公司,上海市杨浦区国定路323号3层(集中登记地)
上海酷乐星球网络科技有限公司,上海市杨浦区国定支路26号3410室
上海毕毕信息技术有限公司,上海市杨浦区武东路198号602-9室
上海复凌数据科技有限公司,上海市杨浦区国定路323号3层(集中登记地)
上海趣滋滋网络科技有限公司,上海市杨浦区三门路200号6层607-B室
上海维熟科技有限公司,上海市杨浦区政通路100弄11号(集中登记地)
上海确元生物科技有限公司,上海市杨浦区军工路300号10号楼314D室
上海同筵信息科技有限公司,上海市杨浦区国康路100号2层(集中登记地)
上海恰为思信息科技有限公司,上海市杨浦区国通路127号16层(集中登记地)
上海季相景观设计有限公司,上海市杨浦区国泰路127弄1号三层(集中登记地)
上海聚选数据科技有限公司,上海市杨浦区国泰路127弄1号三层(集中登记地)
上海垒钱数据科技有限公司,上海市杨浦区国定路323号3层(集中登记地)
上海深仝智能科技有限公司,上海市杨浦区延吉中路77号204-B7室
上海巡智文化传播有限公司,上海市杨浦区国定路323号3层(集中登记地)
上海竑信数据科技有限公司,上海市杨浦区国定路323号3层(集中登记地)
上海艺甸网络科技有限公司,上海市杨浦区四平路2500号22楼J29室
上海何杨电力科技有限公司,上海市杨浦区长阳路2588号317室
上海辉源祥信息技术有限公司,上海市杨浦区翔殷路165号9幢五层(集中登记地)
上海泰渥信息科技有限公司,上海市杨浦区国定路346号三楼0515室
上海德作实业有限公司,上海市杨浦区国定支路26号2187室
米润（上海）实业有限公司,上海市杨浦区国定支路26号2153室
上海透晓智能科技有限公司,上海市杨浦区铁岭路38号1层(集中登记地)
上海磐享教育科技有限公司,上海市杨浦区军工路1599号1幢5层(集中登记地)
上海嘉服科技有限公司,上海市杨浦区国泰路127弄1号三层(集中登记地)
上海火杉信息科技有限公司,上海市杨浦区军工路1599号1幢5层(集中登记地)
上海优想教育科技有限公司,上海市杨浦区军工路100号380幢(集中登记地)
上海英本网络科技有限公司,上海市杨浦区凤城路1号123幢426室
上海欣丹光电科技有限公司,上海市杨浦区军工路1076号031幢A74室
上海联锴新材料有限公司,上海市杨浦区国权北路1688弄75号702室
极感信息科技（上海）有限公司,上海市杨浦区国定路323号802-46室
上海邦山信息科技有限公司,上海市杨浦区国康路100号1201F室
上海乾乙智能科技有限公司,上海市杨浦区国定东路200号2幢610-2室
上海号帛建筑设计有限公司,上海市杨浦区国和路60号(集中登记地)
上海南将文化传媒有限公司,上海市杨浦区国伟路135号3幢2楼307室
上海菲胡文化传播有限公司,上海市杨浦区国定路323号901-72室
上海瘦马信息科技有限公司,上海市杨浦区翔殷路165号G区201-6室
上海景洪信息科技有限公司,上海市杨浦区中山北二路1121号306F室
上海乌嘎信息技术有限公司,上海市杨浦区伟德路6号1306-13室
上海糖薯信息科技有限公司,上海市杨浦区殷行路1280号5层504室
上海途爱网络技术有限公司,上海市杨浦区翔殷路165号B区二楼206-7室
上海次元猫网络科技有限公司,上海市杨浦区国权北路1688弄68号201095室
新狮展（上海）展示服务有限公司,上海市杨浦区民京路853号1幢2305室
上海孝聚信息科技有限公司,上海市杨浦区国康路100号2层(集中登记地)
上海睿则恩信息技术有限公司,上海市杨浦区国定路323号3层(集中登记地)
上海而音网络科技有限公司,上海市杨浦区四平路2500号22幢J37室
上海夏橙智能科技有限公司,上海市杨浦区国通路127号16层(集中登记地)
上海聚积信息科技有限公司,上海市杨浦区国定支路28号2114室
上海丕优材料科技有限公司,上海市杨浦区中山北二路1121号304E室
上海威网信息科技有限公司,上海市杨浦区国定路346号三楼0426室
上海芝威信息技术有限公司,上海市杨浦区怀德路399号(集中登记地)
上海都诺文化传播有限公司,上海市杨浦区包头路1135弄2号3042室
上海葭济环境科技有限公司,上海市杨浦区国康路100号2层(集中登记地)
上海寅辉软件科技有限公司,上海市杨浦区翔殷路165号9幢五层(集中登记地)
科恩特（上海）生物科技有限公司,上海市杨浦区图们路6号807室
上海序源信息科技有限公司,上海市杨浦区军工路334号6号楼215-7室
上海峻卓信息技术服务有限公司,上海市杨浦区国和路60号(集中登记地)
上海遨宜信息科技有限公司,上海市杨浦区贵阳路398号5楼(集中登记地)
上海清鹿教育科技有限公司,上海市杨浦区国定路323号3层(集中登记地)
交安科技（上海）有限公司,上海市杨浦区国泰路127弄1号三层(集中登记地)
上海数透网络科技有限公司,上海市杨浦区长阳路2588号2幢2楼(集中登记地)
上海斯毕昂德电子科技有限公司,上海市杨浦区平凉路1128弄1号404室
上海叁生信息科技有限公司,上海市杨浦区周家嘴路3255号505室-52
上海友信环境工程有限公司,上海市杨浦区国定路323号1102-152室
上海昂创信息技术有限公司,上海市杨浦区国定路323号3层(集中登记地)
上海量位计算机科技有限公司,上海市杨浦区国定东路200号3号楼210-5室
上海雅燊电子技术有限公司,上海市杨浦区翔殷路128号6号楼2层(集中登记地)
上海洪方管理咨询有限公司,上海市杨浦区逸仙路13号25幢1703J1室
鸿愿科技（上海）有限公司,上海市杨浦区国和路60号(集中登记地)
上海逸擎信息科技有限公司,上海市杨浦区国定路335号2号楼1309-2室
须域（上海）文化传播有限公司,上海市杨浦区国通路127号16层(集中登记地)
上海运昊信息科技有限公司,上海市杨浦区国和路60号(集中登记地)
上海金派科技有限公司,上海市杨浦区军工路1599号1幢5层(集中登记地)
上海迈昕伦信息科技有限公司,上海市杨浦区国定路323号15层(集中登记地)
上海隽凯广告有限公司,上海市杨浦区国伟路139弄2号313室
上海惠鸣网络科技有限公司,上海市杨浦区殷行路833号3夹层(集中登记地)
上海特尚科技有限公司,上海市杨浦区国定路323号3层(集中登记地)
上海懿裕信息科技有限公司,上海市杨浦区国通路127号16层(集中登记地)
上海大居软件有限公司,上海市临青路66号402-K室
上海思萌涯教育科技有限公司,上海市杨浦区长阳路2588号2幢2楼(集中登记地)
上海盛掌信息科技有限公司,上海市杨浦区杨树浦路2300号4B层A03-2室
上海息流通讯技术有限公司,上海市杨浦区控江路2063号707室
上海义舟建筑科技有限公司,上海市杨浦区军工路100号128幢316室
上海森怡信息科技发展有限公司,上海市杨浦区国定路323号601-59室
上海羚驭信息技术有限公司,上海市杨浦区国和路60号(集中登记地)
上海铭振信息科技有限公司,上海市杨浦区国通路127号16层(集中登记地)
上海砾瑞市场营销策划有限公司,上海市杨浦区国泰路127弄1号三层(集中登记地)
上海道马建筑科技有限公司,上海市杨浦区国通路127号16层(集中登记地)
上海找帮手信息科技有限公司,上海市杨浦区国定路335号3F-11室
启臻科技（上海）有限公司,上海市杨浦区长阳路2588号2幢2楼(集中登记地)
上海骊目科技有限公司,上海市杨浦区逸仙路13号25幢1703I3室
上海腾芮互联网科技有限公司,上海市杨浦区军工路334号7号楼423-3室
上海司峥信息科技有限公司,上海市杨浦区抚顺路360号(集中登记地)
