应急掩蔽场所(安浦路),公共设施;紧急避难场所;紧急避难场所,安浦路635,121.531283,31.251492
应急掩蔽场所(工农二村南),公共设施;紧急避难场所;紧急避难场所,包头路与殷行路交叉口西南约200米,121.536894,31.326649
应急掩蔽场所(新凤城别墅区东南),公共设施;紧急避难场所;紧急避难场所,控江路附近,121.521386,31.276702
应急掩蔽场所(民星路),公共设施;紧急避难场所;紧急避难场所,民星路289号附近,121.542037,31.311392
应急掩蔽场所(长阳路),公共设施;紧急避难场所;紧急避难场所,长阳路1800号,121.538131,31.271062
应急掩蔽场所(邯郸路),公共设施;紧急避难场所;紧急避难场所,邯郸路92附近,121.498895,31.295922
应急掩蔽场所(政益路),公共设施;紧急避难场所;紧急避难场所,政益路29号附近,121.518105,31.302747
应急掩蔽场所(国京路),公共设施;紧急避难场所;紧急避难场所,五角场,121.513399,31.307454
应急掩蔽场所(国济路),公共设施;紧急避难场所;紧急避难场所,国济路20号附近,121.515702,31.301915
应急掩蔽场所(创业环路),公共设施;紧急避难场所;紧急避难场所,创业环路与创造路交叉口北50米,121.518701,31.298431
应急掩蔽场所(凤城路),公共设施;紧急避难场所;紧急避难场所,凤城路51号附近,121.523417,31.277605
应急掩蔽场所(国定东路),公共设施;紧急避难场所;紧急避难场所,国定东路200号,121.519983,31.296570
应急掩蔽场所(营口路),公共设施;紧急避难场所;紧急避难场所,营口路西100米,121.531294,31.299996
应急掩蔽场所(中原路),公共设施;紧急避难场所;紧急避难场所,中原路64号,121.532277,31.313025
应急避难场所,公共设施;紧急避难场所;紧急避难场所,荆州路151号,121.514551,31.257932
应急掩蔽场所(黑山南路),公共设施;紧急避难场所;紧急避难场所,翔殷路与黑山南路交叉口西北50米,121.524206,31.303077
应急掩蔽场所(国顺东路),公共设施;紧急避难场所;紧急避难场所,国顺东路与双阳北路交叉口西南约140米,121.525122,31.292954
应急掩蔽场所(同济·晶度西),公共设施;紧急避难场所;紧急避难场所,逸仙路25号,121.489870,31.294690
应急避难场所(爱国路),公共设施;紧急避难场所;紧急避难场所,爱国路301弄-1-18号,121.551694,31.279059
应急掩蔽场所(黎平路),公共设施;紧急避难场所;紧急避难场所,黎平路1号608室,121.559266,31.274441
应急掩蔽场所(河间路),公共设施;紧急避难场所;紧急避难场所,内江路与河间路交叉口北100米,121.550408,31.277257
应急掩蔽场所(隆昌路),公共设施;紧急避难场所;紧急避难场所,凉州路与隆昌路交叉口北50米,121.550910,31.268454
应急掩蔽场所(龙江路),公共设施;紧急避难场所;紧急避难场所,龙江路388弄,121.532144,31.257285
应急掩蔽场所(三门路),公共设施;紧急避难场所;紧急避难场所,三门路330附近,121.494380,31.311032
应急掩蔽场所,公共设施;紧急避难场所;紧急避难场所,通北路与飞虹路交叉口西南200米,121.511458,31.265630
应急掩蔽场所(安浦路),公共设施;紧急避难场所;紧急避难场所,安浦路635,121.531283,31.251492
应急掩蔽场所(工农二村南),公共设施;紧急避难场所;紧急避难场所,包头路与殷行路交叉口西南约200米,121.536894,31.326649
应急掩蔽场所(新凤城别墅区东南),公共设施;紧急避难场所;紧急避难场所,控江路附近,121.521386,31.276702
应急掩蔽场所(民星路),公共设施;紧急避难场所;紧急避难场所,民星路289号附近,121.542037,31.311392
应急掩蔽场所(长阳路),公共设施;紧急避难场所;紧急避难场所,长阳路1800号,121.538131,31.271062
应急掩蔽场所(邯郸路),公共设施;紧急避难场所;紧急避难场所,邯郸路92附近,121.498895,31.295922
应急掩蔽场所(政益路),公共设施;紧急避难场所;紧急避难场所,政益路29号附近,121.518105,31.302747
应急掩蔽场所(国京路),公共设施;紧急避难场所;紧急避难场所,五角场,121.513399,31.307454
应急掩蔽场所(国济路),公共设施;紧急避难场所;紧急避难场所,国济路20号附近,121.515702,31.301915
应急掩蔽场所(创业环路),公共设施;紧急避难场所;紧急避难场所,创业环路与创造路交叉口北50米,121.518701,31.298431
应急掩蔽场所(凤城路),公共设施;紧急避难场所;紧急避难场所,凤城路51号附近,121.523417,31.277605
应急掩蔽场所(国定东路),公共设施;紧急避难场所;紧急避难场所,国定东路200号,121.519983,31.296570
应急掩蔽场所(营口路),公共设施;紧急避难场所;紧急避难场所,营口路西100米,121.531294,31.299996
应急掩蔽场所(中原路),公共设施;紧急避难场所;紧急避难场所,中原路64号,121.532277,31.313025
应急避难场所,公共设施;紧急避难场所;紧急避难场所,荆州路151号,121.514551,31.257932
应急掩蔽场所(黑山南路),公共设施;紧急避难场所;紧急避难场所,翔殷路与黑山南路交叉口西北50米,121.524206,31.303077
应急掩蔽场所(国顺东路),公共设施;紧急避难场所;紧急避难场所,国顺东路与双阳北路交叉口西南约140米,121.525122,31.292954
应急掩蔽场所(同济·晶度西),公共设施;紧急避难场所;紧急避难场所,逸仙路25号,121.489870,31.294690
应急避难场所(爱国路),公共设施;紧急避难场所;紧急避难场所,爱国路301弄-1-18号,121.551694,31.279059
应急掩蔽场所(黎平路),公共设施;紧急避难场所;紧急避难场所,黎平路1号608室,121.559266,31.274441
应急掩蔽场所(河间路),公共设施;紧急避难场所;紧急避难场所,内江路与河间路交叉口北100米,121.550408,31.277257
应急掩蔽场所(隆昌路),公共设施;紧急避难场所;紧急避难场所,凉州路与隆昌路交叉口北50米,121.550910,31.268454
应急掩蔽场所(龙江路),公共设施;紧急避难场所;紧急避难场所,龙江路388弄,121.532144,31.257285
应急掩蔽场所(三门路),公共设施;紧急避难场所;紧急避难场所,三门路330附近,121.494380,31.311032
应急掩蔽场所,公共设施;紧急避难场所;紧急避难场所,通北路与飞虹路交叉口西南200米,121.511458,31.265630
应急掩蔽场所(福阳大厦东北),公共设施;紧急避难场所;紧急避难场所,国权东路111号附近,121.524400,31.289784
应急掩蔽场所(密云小区东区东),公共设施;紧急避难场所;紧急避难场所,密云路东200米,121.498467,31.278666
应急掩蔽场所(新纪元国际广场东南),公共设施;紧急避难场所;紧急避难场所,黄兴路1625号附近,121.520786,31.287075
应急掩蔽场所(华丰大楼东),公共设施;紧急避难场所;紧急避难场所,国顺路128弄-5-2,121.514958,31.290860
应急掩蔽场所(吴家浜小区东北),公共设施;紧急避难场所;紧急避难场所,飞虹路南100米,121.510157,31.265390
应急掩蔽场所(泰鸿苑东),公共设施;紧急避难场所;紧急避难场所,江浦路1199弄29号,121.518832,31.268371
应急掩蔽场所(三湘世纪花城东南),公共设施;紧急避难场所;紧急避难场所,逸仙路519号,121.487193,31.300625
应急避难场所(双辽路),公共设施;紧急避难场所;紧急避难场所,江浦路1665号附近,121.518269,31.271763
应急掩蔽场所(企航商务南),公共设施;紧急避难场所;紧急避难场所,国顺东路与营口路交叉口西北200米,121.531243,31.299119
应急掩蔽场所(昌大公寓西),公共设施;紧急避难场所;紧急避难场所,飞虹路600弄,121.509390,31.266261
应急掩蔽场所(华晖绿苑东北),公共设施;紧急避难场所;紧急避难场所,宁国路313号附近,121.535841,31.264696
应急掩蔽场所(控江医院西),公共设施;紧急避难场所;紧急避难场所,永吉路268号附近,121.530063,31.282070
应急避难场所(安波路),公共设施;紧急避难场所;紧急避难场所,安波路151号,121.537074,31.304329
应急避难场所(包头路),公共设施;紧急避难场所;紧急避难场所,包头路765弄11号,121.537870,31.322777
紧急避难场所(安浦路),公共设施;紧急避难场所;紧急避难场所,安浦路与怀德路交叉口东南100米,121.530188,31.251357
应急避难场所(创智天地东南),公共设施;紧急避难场所;紧急避难场所,政学路77号附近,121.509594,31.305943
紧急避难场所(凤城四村小区北),公共设施;紧急避难场所;紧急避难场所,内环高架路入口与黄兴路交叉口西南约140米,121.521301,31.284136
应急掩蔽场所(万达广场写字楼A座北),公共设施;紧急避难场所;紧急避难场所,政通路189号,121.512853,31.302347
应急掩蔽场所(凤城四村小区西北),公共设施;紧急避难场所;紧急避难场所,中山北二路大运盛城,121.519780,31.284719
应急掩蔽场所(东方名园南),公共设施;紧急避难场所;紧急避难场所,黄兴路888号附近,121.524991,31.280695
应急掩蔽场所(爱婴医院南),公共设施;紧急避难场所;紧急避难场所,控江路附近,121.517175,31.273563
应急避难场所(新华医院8号楼南),公共设施;紧急避难场所;紧急避难场所,江浦路1673附近,121.518105,31.272950
应急掩蔽场所(市东医院分院北),公共设施;紧急避难场所;紧急避难场所,营口路760-762号附近,121.533774,31.296752
应急避难场所(鞍山路),公共设施;紧急避难场所;紧急避难场所,鞍山路230号,121.509668,31.278810
应急掩蔽场所(福阳小区东),公共设施;紧急避难场所;紧急避难场所,松花江路104附近,121.526813,31.287700
应急掩蔽场所(宁武路),公共设施;紧急避难场所;紧急避难场所,平凉路1844附近,121.542806,31.269485
应急掩蔽场所(国顺路),公共设施;紧急避难场所;紧急避难场所,四平路1950弄23-1号,121.512715,31.290810
应急掩蔽场所(政立路),公共设施;紧急避难场所;紧急避难场所,政立路1579-1581号附近,121.488502,31.308642
应急掩蔽场所(国定路),公共设施;紧急避难场所;紧急避难场所,国定路97号附近,121.514849,31.293584
应急掩蔽场所(福阳小区东北),公共设施;紧急避难场所;紧急避难场所,关山路与国权东路交叉口东南200米,121.523783,31.288848
应急掩蔽场所(海上硕和城南),公共设施;紧急避难场所;紧急避难场所,安波路985弄附近,121.527767,31.299218
应急掩蔽场所(控江路1455弄小区东南),公共设施;紧急避难场所;紧急避难场所,凤城路与周家嘴路交叉口西北200米,121.524648,31.274558
应急掩蔽场所(抚顺路250弄小区东北),公共设施;紧急避难场所;紧急避难场所,彰武路96附近,121.513205,31.281477
应急避难场所,公共设施;紧急避难场所;紧急避难场所,[],121.501577,31.284133
应急掩蔽场所(建中大楼西北),公共设施;紧急避难场所;紧急避难场所,赤峰路南100米,121.501994,31.278891
应急掩蔽场所(五角场800号东楼西),公共设施;紧急避难场所;紧急避难场所,国顺东路900弄-25-26,121.522189,31.293623
应急掩蔽场所(上海新光医院西北),公共设施;紧急避难场所;紧急避难场所,沙岗路东150米,121.537798,31.299508
应急掩蔽场所(仁德路152弄小区南),公共设施;紧急避难场所;紧急避难场所,逸仙路801号,121.486573,31.302926
应急掩蔽场所(东部集团兰港大楼东南),公共设施;紧急避难场所;紧急避难场所,中环路出口与逸仙路交叉口东北50米,121.489482,31.295314
应急掩蔽场所(鼎琅臻品宾馆东南),公共设施;紧急避难场所;紧急避难场所,控江路757附近,121.523014,31.274801
应急掩蔽场所(杨浦区政协东南),公共设施;紧急避难场所;紧急避难场所,控江路1505弄55号,121.523318,31.274092
应急避难场所(江浦路),公共设施;紧急避难场所;紧急避难场所,江浦路1322号,121.519794,31.271846
应急掩蔽场所(中山北二路),公共设施;紧急避难场所;紧急避难场所,中山北二路1129附近,121.503557,31.286775
应急掩蔽场所(政通路),公共设施;紧急避难场所;紧急避难场所,政通路218号,121.513262,31.303009
应急避难场所(同济·晶度东南),公共设施;紧急避难场所;紧急避难场所,五角场,121.490757,31.294264
应急避难场所(平凉路),公共设施;紧急避难场所;紧急避难场所,宁武路与平凉路交叉口南150米,121.543891,31.267937
应急掩蔽场所(国浩路),公共设施;紧急避难场所;紧急避难场所,国浩路181号附近,121.517507,31.335376
应急掩蔽场所(国康路),公共设施;紧急避难场所;紧急避难场所,中山北二路1143号附近,121.502420,31.286941
应急掩蔽场所(四平路),公共设施;紧急避难场所;紧急避难场所,四平路2500号,121.515407,31.298763
应急掩蔽场所(国通路),公共设施;紧急避难场所;紧急避难场所,政立路435附近,121.509195,31.308856
紧急避难场所(铭辞楼西北),公共设施;紧急避难场所;紧急避难场所,隆昌路588-3号附近,121.543808,31.276693
应急掩蔽场所(霍山路),公共设施;紧急避难场所;紧急避难场所,荆州路与霍山路交叉口西100米,121.515065,31.257614
应急掩蔽场所(锦年路),公共设施;紧急避难场所;紧急避难场所,大学路与锦年路交叉口东南50米,121.509228,31.303624
紧急避难场所(国权路),公共设施;紧急避难场所;紧急避难场所,国权路579号附近,121.502646,31.294915
应急掩蔽场所(上海共清护理医院东南),公共设施;紧急避难场所;紧急避难场所,国科路4附近,121.520122,31.287293
应急掩蔽场所(馨怡花园西南),公共设施;紧急避难场所;紧急避难场所,铁岭路32号附近,121.514674,31.278385
应急掩蔽场所(引翔港小区西北),公共设施;紧急避难场所;紧急避难场所,长阳路1969弄-7-1,121.539827,31.272244
应急掩蔽场所(彰武路),公共设施;紧急避难场所;紧急避难场所,彰武路50号,121.508157,31.281108
应急掩蔽场所(富天苑东南),公共设施;紧急避难场所;紧急避难场所,周家嘴路3118号,121.532830,31.274858
紧急避难场所(许昌路),公共设施;紧急避难场所;紧急避难场所,许昌路与长阳路交叉口南50米,121.519910,31.262468
应急掩蔽场所(大运盛城南),公共设施;紧急避难场所;紧急避难场所,中山北二路101-1号附近,121.519406,31.285108
应急掩蔽场所(馨怡花园东南),公共设施;紧急避难场所;紧急避难场所,铁岭路与锦西路交叉口东150米,121.515468,31.278016
应急掩蔽场所(锦兰苑东北),公共设施;紧急避难场所;紧急避难场所,安波路800弄,121.527019,31.302019
应急掩蔽场所(市光二村西),公共设施;紧急避难场所;紧急避难场所,国和路105附近,121.539803,31.317745
应急掩蔽场所(新中源大楼南),公共设施;紧急避难场所;紧急避难场所,双阳路与长阳路交叉口南150米,121.538886,31.270253
应急掩蔽场所(湘海大厦东南),公共设施;紧急避难场所;紧急避难场所,逸仙路67附近,121.488046,31.299243
应急掩蔽场所(政化路),公共设施;紧急避难场所;紧急避难场所,政化路1号附近,121.509767,31.290529
应急掩蔽场所,公共设施;紧急避难场所;紧急避难场所,吉浦路与学府街交叉口东150米,121.492156,31.302309
应急掩蔽场所(企航商务西),公共设施;紧急避难场所;紧急避难场所,营口路与安波路交叉口西南约280米,121.530774,31.300629
应急掩蔽场所(杭州路),公共设施;紧急避难场所;紧急避难场所,杭州路895号,121.546263,31.268026
应急避难场所,公共设施;紧急避难场所;紧急避难场所,四平路1293号附近,121.503493,31.285834
应急掩蔽场所(同一路),公共设施;紧急避难场所;紧急避难场所,彰武路1号北门2号,121.507638,31.282838
应急掩蔽场所(荆州路),公共设施;紧急避难场所;紧急避难场所,昆明路518号,121.513422,31.260154
应急避难场所(三门路),公共设施;紧急避难场所;紧急避难场所,国和路490号,121.518578,31.311194
应急避难场所(城市方园东),公共设施;紧急避难场所;紧急避难场所,[],121.536977,31.333711
应急掩蔽场所(宁国路),公共设施;紧急避难场所;紧急避难场所,宁国路25号,121.539437,31.259946
紧急避难场所(国泰路),公共设施;紧急避难场所;紧急避难场所,四平路与国泰路交叉口西150米,121.508043,31.287547
紧急避难场所(国康路),公共设施;紧急避难场所;紧急避难场所,中山北二路1111号附近,121.505093,31.286249
紧急避难场所(抚顺路),公共设施;紧急避难场所;紧急避难场所,抚顺路239附近,121.515132,31.280099
应急掩蔽场所(安波路985弄),公共设施;紧急避难场所;紧急避难场所,[],121.527542,31.300126
应急掩蔽场所(双阳北路),公共设施;紧急避难场所;紧急避难场所,双阳北路484号附近,121.524551,31.298300
应急掩蔽场所(黄兴路),公共设施;紧急避难场所;紧急避难场所,黄兴路1920号,121.519417,31.292961
应急掩蔽场所(国和路),公共设施;紧急避难场所;紧急避难场所,国和路107附近,121.539305,31.317916
应急掩蔽场所(市光二村西南),公共设施;紧急避难场所;紧急避难场所,包头路361号附近,121.539306,31.317110
应急避难场所(怀德路),公共设施;紧急避难场所;紧急避难场所,怀德路110号,121.528851,31.253786
应急掩蔽场所(长海路),公共设施;紧急避难场所;紧急避难场所,长海路357号,121.526654,31.309967
应急掩蔽场所(智星路),公共设施;紧急避难场所;紧急避难场所,淞沪路383号,121.511310,31.305945
应急掩蔽场所(国宾路),公共设施;紧急避难场所;紧急避难场所,邯郸路600号,121.513394,31.300167
应急避难场所(锦创路),公共设施;紧急避难场所;紧急避难场所,伟康路与锦创路交叉口西南50米,121.508744,31.304568
应急避难场所(政学路),公共设施;紧急避难场所;紧急避难场所,政学路92-96号附近,121.509796,31.306703
应急掩蔽场所(复旦大学教师公寓西南),公共设施;紧急避难场所;紧急避难场所,邯郸路220号,121.506066,31.300485
应急掩蔽场所(雪城公寓东北),公共设施;紧急避难场所;紧急避难场所,许昌路与辽源西路交叉口东北50米,121.515183,31.270239
应急掩蔽场所(周家嘴路),公共设施;紧急避难场所;紧急避难场所,周家嘴路1301号附近,121.512332,31.264739
应急掩蔽场所(双花公寓西),公共设施;紧急避难场所;紧急避难场所,双阳路与松花江路交叉口西150米,121.526946,31.288139
应急掩蔽场所(唐山路),公共设施;紧急避难场所;紧急避难场所,大连路588号,121.510775,31.261472
应急掩蔽场所(安波路),公共设施;紧急避难场所;紧急避难场所,安波路223附近,121.535950,31.303904
应急掩蔽场所(保利香槟苑北),公共设施;紧急避难场所;紧急避难场所,怀德路385号,121.526310,31.255932
应急掩蔽场所(民欣苑西),公共设施;紧急避难场所;紧急避难场所,民星路435号,121.537229,31.310894
应急掩蔽场所(圣骊名苑西),公共设施;紧急避难场所;紧急避难场所,平凉路118附近,121.530555,31.260894
应急掩蔽场所(馨怡花园东北),公共设施;紧急避难场所;紧急避难场所,铁岭路与锦西路交叉口东北150米,121.515465,31.278565
紧急避难场所(智选假日酒店西南),公共设施;紧急避难场所;紧急避难场所,黄兴路1729号上海五角场智选假日酒店1层,121.518920,31.290270
应急掩蔽场所(五角场800号西楼西),公共设施;紧急避难场所;紧急避难场所,国顺东路900弄-23-24,121.522732,31.293816
应急掩蔽场所(杨浦区政风投诉中心西北),公共设施;紧急避难场所;紧急避难场所,长阳路1318弄-75-77号,121.529468,31.264782
应急掩蔽场所(小南国花园酒店南),公共设施;紧急避难场所;紧急避难场所,松花江路附近,121.532824,31.291720
应急掩蔽场所(宝地广场A座东南),公共设施;紧急避难场所;紧急避难场所,大连路317附近,121.511404,31.261178
应急掩蔽场所(龙口路),公共设施;紧急避难场所;紧急避难场所,龙口路165号附近,121.538537,31.269719
应急掩蔽场所(淞沪路),公共设施;紧急避难场所;紧急避难场所,淞沪路246附近,121.515056,31.302208
应急掩蔽场所(扬州路),公共设施;紧急避难场所;紧急避难场所,扬州路588弄2-46号,121.528670,31.258477
紧急避难场所(吉浦路),公共设施;紧急避难场所;紧急避难场所,吉浦路99弄,121.491100,31.300455
紧急避难场所(水丰路),公共设施;紧急避难场所;紧急避难场所,水丰路38号附近,121.543714,31.280446
紧急避难场所(控江路),公共设施;紧急避难场所;紧急避难场所,控江路112附近,121.532790,31.281573
应急掩蔽场所(松花江路),公共设施;紧急避难场所;紧急避难场所,松花江路1210-3号附近,121.522977,31.286234
应急掩蔽场所(万安路),公共设施;紧急避难场所;紧急避难场所,逸仙路661号,121.487179,31.301793
应急掩蔽场所(国科路),公共设施;紧急避难场所;紧急避难场所,黄兴路1599号附近,121.520874,31.286585
应急掩蔽场所(永吉路),公共设施;紧急避难场所;紧急避难场所,永吉路181附近,121.532386,31.282271
应急掩蔽场所(许昌路),公共设施;紧急避难场所;紧急避难场所,许昌路891号附近,121.520435,31.262247
应急掩蔽场所(本溪路),公共设施;紧急避难场所;紧急避难场所,本溪路188号附近,121.514264,31.276156
应急掩蔽场所(国秀路),公共设施;紧急避难场所;紧急避难场所,国秀路与政和路交叉口西北150米,121.513072,31.333066
应急掩蔽场所(密云路),公共设施;紧急避难场所;紧急避难场所,密云路512附近,121.496728,31.282321
应急掩蔽场所(内江路),公共设施;紧急避难场所;紧急避难场所,长阳路3066号附近,121.549389,31.277984
应急掩蔽场所(延吉中路),公共设施;紧急避难场所;紧急避难场所,靖宇南路39附近,121.527531,31.281680
应急掩蔽场所(沧州路),公共设施;紧急避难场所;紧急避难场所,永吉路与沧州路交叉口北100米,121.528915,31.282132
应急掩蔽场所(双花公寓西北),公共设施;紧急避难场所;紧急避难场所,国权东路89号附近,121.526064,31.290006
应急掩蔽场所(佳木斯路),公共设施;紧急避难场所;紧急避难场所,佳木斯路321附近,121.537121,31.294827
应急掩蔽场所(沙岗路),公共设施;紧急避难场所;紧急避难场所,沙岗路880号附近,121.533526,31.304170
应急掩蔽场所(通北路),公共设施;紧急避难场所;紧急避难场所,通北路500号,121.519515,31.259881
应急掩蔽场所(辽阳路),公共设施;紧急避难场所;紧急避难场所,辽阳路与霍山路交叉口东南100米,121.517759,31.258330
应急掩蔽场所(昆明路),公共设施;紧急避难场所;紧急避难场所,大连路315附近,121.511921,31.260328
应急掩蔽场所(福宁路),公共设施;紧急避难场所;紧急避难场所,福宁路60号附近,121.532859,31.254190
应急掩蔽场所(江浦路),公共设施;紧急避难场所;紧急避难场所,江浦路466-2号,121.527810,31.258543
应急掩蔽场所(杨浦区政风投诉中心北),公共设施;紧急避难场所;紧急避难场所,眉州路与龙口路交叉口西南约160米,121.530876,31.264817
应急掩蔽场所(辽源西路),公共设施;紧急避难场所;紧急避难场所,辽源西路251附近,121.508949,31.268319
应急掩蔽场所(吴家浜小区东北),公共设施;紧急避难场所;紧急避难场所,飞虹路南150米,121.511154,31.265171
应急掩蔽场所(飞虹路),公共设施;紧急避难场所;紧急避难场所,飞虹路631号附近,121.509572,31.265245
应急掩蔽场所(兰州路),公共设施;紧急避难场所;紧急避难场所,长阳路1220弄-5-2,121.527423,31.265646
应急掩蔽场所(平凉路),公共设施;紧急避难场所;紧急避难场所,平凉路915号附近,121.530555,31.260296
应急掩蔽场所(控江路),公共设施;紧急避难场所;紧急避难场所,控江路与凤城路交叉口西南约140米,121.523614,31.275563
应急掩蔽场所(鞍山路),公共设施;紧急避难场所;紧急避难场所,鞍山路78弄,121.512826,31.276048
应急掩蔽场所(铁岭路),公共设施;紧急避难场所;紧急避难场所,本溪路166号附近,121.514476,31.276578
应急避难场所(眉州路),公共设施;紧急避难场所;紧急避难场所,眉州路与龙口路交叉口南约80米,121.531499,31.265334
共青国家森林公园(暂停开放),风景名胜;风景名胜;国家级景点,军工路2000号,121.551733,31.318925
黄兴公园(暂停开放),风景名胜;公园广场;公园,国顺东路369号(近双阳北路),121.529963,31.293278
杨浦公园,风景名胜;公园广场;公园,双阳路369号,121.536252,31.280375
复兴岛公园(暂停开放),风景名胜;公园广场;公园,共青路386号,121.562352,31.286431
江浦公园(暂停开放),风景名胜;公园广场;公园,长阳路1111号(江浦路口),121.524087,31.265994
五角场广场,风景名胜;公园广场;城市广场,五角场地铁站5号口步行100米,121.51566,31.299918
杨树浦电厂遗迹公园,风景名胜;公园广场;公园,上海国际时尚中心西南,121.555993,31.266181
杨树浦电厂遗址公园,风景名胜;公园广场;公园,腾越路与杨树浦路交叉口东南360米,121.556477,31.266801
新江湾城公园(暂停开放),风景名胜;公园广场;公园,政和路与国秀路进出口西北角,121.513818,31.333772
黄兴全民体育公园,风景名胜;公园广场;公园,五角场镇双阳北路363号(黄兴公园地铁站2号口步行430米),121.527945,31.296877
松鹤公园(暂停开放),风景名胜;公园广场;公园,抚顺路240号(近江浦路),121.514168,31.2802
民星公园(暂停开放),风景名胜;公园广场;公园,嫩江路1111号(近中原路),121.535028,31.314034
内江公园(暂停开放),风景名胜;公园广场;公园,控江路261号,121.54494,31.286836
延春公园(暂停开放),风景名胜;公园广场;公园,营口路20号(近靖宇东路),121.535845,31.288269
工农公园(暂停开放),风景名胜;公园广场;公园,包头路929号(近殷行路),121.537725,31.325758
叶家花园,风景名胜;公园广场;公园,上海肺科医院第二宿舍,121.502378,31.304362
国歌纪念广场,风景名胜;公园广场;城市广场,荆州路151号(大连路地铁站2号口步行130米),121.514551,31.257933
四平科技公园(暂停开放),风景名胜;公园广场;公园,四平路1777,121.506218,31.287646
平凉公园(暂停开放),风景名胜;公园广场;公园,平凉路1738号(近临青路),121.542596,31.266703
惠民公园(暂停开放),风景名胜;公园广场;公园,惠民路724号(平凉路地铁站5号口步行380米),121.522519,31.258348
四季广场-外广场,风景名胜;公园广场;城市广场,宁国路503四季广场,121.533817,31.267911
波阳公园(暂停开放),风景名胜;公园广场;公园,波阳路200号,121.551564,31.272213
下沉式广场,风景名胜;公园广场;城市广场,淞沪路252-256号,121.516089,31.300461
东方蓝海国际广场-下沉式广场,风景名胜;风景名胜相关;旅游景点,黄兴路1802号附近,121.520928,31.290728
中原休闲广场,风景名胜;公园广场;城市广场,中原路188号正南方向50米,121.53225,31.316994
共青国家森林公园(暂停开放),风景名胜;风景名胜;国家级景点,军工路2000号,121.551733,31.318925
黄兴公园(暂停开放),风景名胜;公园广场;公园,国顺东路369号(近双阳北路),121.529963,31.293278
杨浦公园,风景名胜;公园广场;公园,双阳路369号,121.536252,31.280375
复兴岛公园(暂停开放),风景名胜;公园广场;公园,共青路386号,121.562352,31.286431
江浦公园(暂停开放),风景名胜;公园广场;公园,长阳路1111号(江浦路口),121.524087,31.265994
五角场广场,风景名胜;公园广场;城市广场,五角场地铁站5号口步行100米,121.51566,31.299918
杨树浦电厂遗迹公园,风景名胜;公园广场;公园,上海国际时尚中心西南,121.555993,31.266181
杨树浦电厂遗址公园,风景名胜;公园广场;公园,腾越路与杨树浦路交叉口东南360米,121.556477,31.266801
新江湾城公园(暂停开放),风景名胜;公园广场;公园,政和路与国秀路进出口西北角,121.513818,31.333772
黄兴全民体育公园,风景名胜;公园广场;公园,五角场镇双阳北路363号(黄兴公园地铁站2号口步行430米),121.527945,31.296877
松鹤公园(暂停开放),风景名胜;公园广场;公园,抚顺路240号(近江浦路),121.514168,31.2802
民星公园(暂停开放),风景名胜;公园广场;公园,嫩江路1111号(近中原路),121.535028,31.314034
内江公园(暂停开放),风景名胜;公园广场;公园,控江路261号,121.54494,31.286836
延春公园(暂停开放),风景名胜;公园广场;公园,营口路20号(近靖宇东路),121.535845,31.288269
工农公园(暂停开放),风景名胜;公园广场;公园,包头路929号(近殷行路),121.537725,31.325758
叶家花园,风景名胜;公园广场;公园,上海肺科医院第二宿舍,121.502378,31.304362
国歌纪念广场,风景名胜;公园广场;城市广场,荆州路151号(大连路地铁站2号口步行130米),121.514551,31.257933
四平科技公园(暂停开放),风景名胜;公园广场;公园,四平路1777,121.506218,31.287646
平凉公园(暂停开放),风景名胜;公园广场;公园,平凉路1738号(近临青路),121.542596,31.266703
惠民公园(暂停开放),风景名胜;公园广场;公园,惠民路724号(平凉路地铁站5号口步行380米),121.522519,31.258348
四季广场-外广场,风景名胜;公园广场;城市广场,宁国路503四季广场,121.533817,31.267911
波阳公园(暂停开放),风景名胜;公园广场;公园,波阳路200号,121.551564,31.272213
下沉式广场,风景名胜;公园广场;城市广场,淞沪路252-256号,121.516089,31.300461
东方蓝海国际广场-下沉式广场,风景名胜;风景名胜相关;旅游景点,黄兴路1802号附近,121.520928,31.290728
中原休闲广场,风景名胜;公园广场;城市广场,中原路188号正南方向50米,121.53225,31.316994
兰馨广场,风景名胜;公园广场;城市广场,霍山路1225号(江浦公园地铁站1号口步行490米),121.527621,31.265071
长阳商务休闲广场,风景名胜;公园广场;城市广场,长阳路1681号(宁国路地铁站3号口步行330米),121.535264,31.270973
smpskatepark滑板公园,风景名胜;公园广场;水族馆,新江湾城街道淞沪路2100号smpskatepark滑板公园,121.511394,31.336261
米兰广场,风景名胜;公园广场;城市广场,国权路,121.518465,31.288190
吉浦广场,风景名胜;公园广场;城市广场,吉浦路三门路514号,121.490024,31.304021
同济大学音乐广场,风景名胜;公园广场;城市广场,同济大学,121.500116,31.283491
海上海.弘基休闲广场C,风景名胜;公园广场;城市广场,大连路431附近,121.507725,31.266778
机器人公园,风景名胜;公园广场;水族馆,江浦路1536号(江浦路地铁站3号口步行230米),121.517809,31.276978
明园苑,风景名胜;公园广场;公园,许昌路与长阳路交叉口东约60米,121.520386,31.262607
唐家塔口袋公园,风景名胜;公园广场;公园,源泉路150号(黄兴路地铁站1号口步行230米),121.530518,31.278564
紫藤广场,风景名胜;公园广场;城市广场,中原工农新村小学(市光路地铁站东),121.534984,31.323444
邻睦广场,风景名胜;公园广场;城市广场,松花江路上海理工大学附属小学西北侧约120米,121.538725,31.293157
阿里社区体育广场,风景名胜;公园广场;城市广场,安图路延吉四村社区,121.538929,31.292939
海上海无限可能广场,风景名胜;公园广场;城市广场,大连路990弄,121.507481,31.266859
科普广场,风景名胜;公园广场;城市广场,中原路工农三村(市光路地铁站2号口步行90米),121.532269,31.321727
硕园,风景名胜;风景名胜相关;旅游景点,市光一村68甲,121.535492,31.316249
杨家浜休闲广场,风景名胜;公园广场;城市广场,控江路874弄1-24号(控江路874弄小区),121.535720,31.283490
珠江生活广场,风景名胜;公园广场;城市广场,平凉路1889号,121.544138,31.269314
